horizon,dataset,year,model,status
5,NYSE_recent,2022,think,verified
5,NYSE_recent,2022,think_rank,verified
5,NYSE_recent,2022,think_gate,verified
5,NYSE_recent,2022,think_mix,verified
5,NYSE_recent,2022,think_risk,verified
5,NYSE_recent,2022,mlp,verified
5,NYSE_recent,2022,lstm,verified
5,NYSE_recent,2022,stockmixer,verified
5,NYSE_recent,2022,market_transformer,verified
5,NYSE_recent,2022,think_huber,verified
5,NYSE_recent,2022,think_mix_huber,verified
5,NYSE_recent,2022,stockmixer_huber,verified
5,NYSE_recent,2022,think_mix_shrink,verified
5,NYSE_recent,2022,think_mix_shrink_huber,verified
5,NYSE_recent,2022,multiscale_mse,verified
5,NYSE_recent,2022,multiscale_huber,verified
5,NYSE_recent,2022,ridge,verified
5,NYSE_recent,2022,momentum126,verified
5,NYSE_recent,2022,reversal5,verified
5,NYSE_recent,2022,buy_hold,verified
5,NYSE_recent,2022,equal_universe,verified
5,NYSE_recent,2022,market_proxy,verified
5,NYSE_recent,2023,think,verified
5,NYSE_recent,2023,think_rank,verified
5,NYSE_recent,2023,think_gate,verified
5,NYSE_recent,2023,think_mix,verified
5,NYSE_recent,2023,think_risk,verified
5,NYSE_recent,2023,mlp,verified
5,NYSE_recent,2023,lstm,verified
5,NYSE_recent,2023,stockmixer,verified
5,NYSE_recent,2023,market_transformer,verified
5,NYSE_recent,2023,think_huber,verified
5,NYSE_recent,2023,think_mix_huber,verified
5,NYSE_recent,2023,stockmixer_huber,verified
5,NYSE_recent,2023,think_mix_shrink,verified
5,NYSE_recent,2023,think_mix_shrink_huber,verified
5,NYSE_recent,2023,multiscale_mse,verified
5,NYSE_recent,2023,multiscale_huber,verified
5,NYSE_recent,2023,ridge,verified
5,NYSE_recent,2023,momentum126,verified
5,NYSE_recent,2023,reversal5,verified
5,NYSE_recent,2023,buy_hold,verified
5,NYSE_recent,2023,equal_universe,verified
5,NYSE_recent,2023,market_proxy,verified
5,NYSE_recent,2024,think,verified
5,NYSE_recent,2024,think_rank,verified
5,NYSE_recent,2024,think_gate,verified
5,NYSE_recent,2024,think_mix,verified
5,NYSE_recent,2024,think_risk,verified
5,NYSE_recent,2024,mlp,verified
5,NYSE_recent,2024,lstm,verified
5,NYSE_recent,2024,stockmixer,verified
5,NYSE_recent,2024,market_transformer,verified
5,NYSE_recent,2024,think_huber,verified
5,NYSE_recent,2024,think_mix_huber,verified
5,NYSE_recent,2024,stockmixer_huber,verified
5,NYSE_recent,2024,think_mix_shrink,verified
5,NYSE_recent,2024,think_mix_shrink_huber,verified
5,NYSE_recent,2024,multiscale_mse,verified
5,NYSE_recent,2024,multiscale_huber,verified
5,NYSE_recent,2024,ridge,verified
5,NYSE_recent,2024,momentum126,verified
5,NYSE_recent,2024,reversal5,verified
5,NYSE_recent,2024,buy_hold,verified
5,NYSE_recent,2024,equal_universe,verified
5,NYSE_recent,2024,market_proxy,verified
5,NYSE_recent,2025,think,verified
5,NYSE_recent,2025,think_rank,verified
5,NYSE_recent,2025,think_gate,verified
5,NYSE_recent,2025,think_mix,verified
5,NYSE_recent,2025,think_risk,verified
5,NYSE_recent,2025,mlp,verified
5,NYSE_recent,2025,lstm,verified
5,NYSE_recent,2025,stockmixer,verified
5,NYSE_recent,2025,market_transformer,verified
5,NYSE_recent,2025,think_huber,verified
5,NYSE_recent,2025,think_mix_huber,verified
5,NYSE_recent,2025,stockmixer_huber,verified
5,NYSE_recent,2025,think_mix_shrink,verified
5,NYSE_recent,2025,think_mix_shrink_huber,verified
5,NYSE_recent,2025,multiscale_mse,verified
5,NYSE_recent,2025,multiscale_huber,verified
5,NYSE_recent,2025,ridge,verified
5,NYSE_recent,2025,momentum126,verified
5,NYSE_recent,2025,reversal5,verified
5,NYSE_recent,2025,buy_hold,verified
5,NYSE_recent,2025,equal_universe,verified
5,NYSE_recent,2025,market_proxy,verified
5,NASDAQ_recent,2022,think,verified
5,NASDAQ_recent,2022,think_rank,verified
5,NASDAQ_recent,2022,think_gate,verified
5,NASDAQ_recent,2022,think_mix,verified
5,NASDAQ_recent,2022,think_risk,verified
5,NASDAQ_recent,2022,mlp,verified
5,NASDAQ_recent,2022,lstm,verified
5,NASDAQ_recent,2022,stockmixer,verified
5,NASDAQ_recent,2022,market_transformer,verified
5,NASDAQ_recent,2022,think_huber,verified
5,NASDAQ_recent,2022,think_mix_huber,verified
5,NASDAQ_recent,2022,stockmixer_huber,verified
5,NASDAQ_recent,2022,think_mix_shrink,verified
5,NASDAQ_recent,2022,think_mix_shrink_huber,verified
5,NASDAQ_recent,2022,multiscale_mse,verified
5,NASDAQ_recent,2022,multiscale_huber,verified
5,NASDAQ_recent,2022,ridge,verified
5,NASDAQ_recent,2022,momentum126,verified
5,NASDAQ_recent,2022,reversal5,verified
5,NASDAQ_recent,2022,buy_hold,verified
5,NASDAQ_recent,2022,equal_universe,verified
5,NASDAQ_recent,2022,market_proxy,verified
5,NASDAQ_recent,2023,think,verified
5,NASDAQ_recent,2023,think_rank,verified
5,NASDAQ_recent,2023,think_gate,verified
5,NASDAQ_recent,2023,think_mix,verified
5,NASDAQ_recent,2023,think_risk,verified
5,NASDAQ_recent,2023,mlp,verified
5,NASDAQ_recent,2023,lstm,verified
5,NASDAQ_recent,2023,stockmixer,verified
5,NASDAQ_recent,2023,market_transformer,verified
5,NASDAQ_recent,2023,think_huber,verified
5,NASDAQ_recent,2023,think_mix_huber,verified
5,NASDAQ_recent,2023,stockmixer_huber,verified
5,NASDAQ_recent,2023,think_mix_shrink,verified
5,NASDAQ_recent,2023,think_mix_shrink_huber,verified
5,NASDAQ_recent,2023,multiscale_mse,verified
5,NASDAQ_recent,2023,multiscale_huber,verified
5,NASDAQ_recent,2023,ridge,verified
5,NASDAQ_recent,2023,momentum126,verified
5,NASDAQ_recent,2023,reversal5,verified
5,NASDAQ_recent,2023,buy_hold,verified
5,NASDAQ_recent,2023,equal_universe,verified
5,NASDAQ_recent,2023,market_proxy,verified
5,NASDAQ_recent,2024,think,verified
5,NASDAQ_recent,2024,think_rank,verified
5,NASDAQ_recent,2024,think_gate,verified
5,NASDAQ_recent,2024,think_mix,verified
5,NASDAQ_recent,2024,think_risk,verified
5,NASDAQ_recent,2024,mlp,verified
5,NASDAQ_recent,2024,lstm,verified
5,NASDAQ_recent,2024,stockmixer,verified
5,NASDAQ_recent,2024,market_transformer,verified
5,NASDAQ_recent,2024,think_huber,verified
5,NASDAQ_recent,2024,think_mix_huber,verified
5,NASDAQ_recent,2024,stockmixer_huber,verified
5,NASDAQ_recent,2024,think_mix_shrink,verified
5,NASDAQ_recent,2024,think_mix_shrink_huber,verified
5,NASDAQ_recent,2024,multiscale_mse,verified
5,NASDAQ_recent,2024,multiscale_huber,verified
5,NASDAQ_recent,2024,ridge,verified
5,NASDAQ_recent,2024,momentum126,verified
5,NASDAQ_recent,2024,reversal5,verified
5,NASDAQ_recent,2024,buy_hold,verified
5,NASDAQ_recent,2024,equal_universe,verified
5,NASDAQ_recent,2024,market_proxy,verified
5,NASDAQ_recent,2025,think,verified
5,NASDAQ_recent,2025,think_rank,verified
5,NASDAQ_recent,2025,think_gate,verified
5,NASDAQ_recent,2025,think_mix,verified
5,NASDAQ_recent,2025,think_risk,verified
5,NASDAQ_recent,2025,mlp,verified
5,NASDAQ_recent,2025,lstm,verified
5,NASDAQ_recent,2025,stockmixer,verified
5,NASDAQ_recent,2025,market_transformer,verified
5,NASDAQ_recent,2025,think_huber,verified
5,NASDAQ_recent,2025,think_mix_huber,verified
5,NASDAQ_recent,2025,stockmixer_huber,verified
5,NASDAQ_recent,2025,think_mix_shrink,verified
5,NASDAQ_recent,2025,think_mix_shrink_huber,verified
5,NASDAQ_recent,2025,multiscale_mse,verified
5,NASDAQ_recent,2025,multiscale_huber,verified
5,NASDAQ_recent,2025,ridge,verified
5,NASDAQ_recent,2025,momentum126,verified
5,NASDAQ_recent,2025,reversal5,verified
5,NASDAQ_recent,2025,buy_hold,verified
5,NASDAQ_recent,2025,equal_universe,verified
5,NASDAQ_recent,2025,market_proxy,verified
1,NYSE_recent,2022,think,verified
1,NYSE_recent,2022,think_huber,verified
1,NYSE_recent,2022,think_mix,verified
1,NYSE_recent,2022,think_mix_huber,verified
1,NYSE_recent,2022,stockmixer,verified
1,NYSE_recent,2022,stockmixer_huber,verified
1,NYSE_recent,2022,multiscale_mse,verified
1,NYSE_recent,2022,multiscale_huber,verified
1,NYSE_recent,2022,ridge,verified
1,NYSE_recent,2022,momentum126,verified
1,NYSE_recent,2022,reversal5,verified
1,NYSE_recent,2022,buy_hold,verified
1,NYSE_recent,2022,equal_universe,verified
1,NYSE_recent,2022,market_proxy,verified
1,NYSE_recent,2023,think,verified
1,NYSE_recent,2023,think_huber,verified
1,NYSE_recent,2023,think_mix,verified
1,NYSE_recent,2023,think_mix_huber,verified
1,NYSE_recent,2023,stockmixer,verified
1,NYSE_recent,2023,stockmixer_huber,verified
1,NYSE_recent,2023,multiscale_mse,verified
1,NYSE_recent,2023,multiscale_huber,verified
1,NYSE_recent,2023,ridge,verified
1,NYSE_recent,2023,momentum126,verified
1,NYSE_recent,2023,reversal5,verified
1,NYSE_recent,2023,buy_hold,verified
1,NYSE_recent,2023,equal_universe,verified
1,NYSE_recent,2023,market_proxy,verified
1,NYSE_recent,2024,think,verified
1,NYSE_recent,2024,think_huber,verified
1,NYSE_recent,2024,think_mix,verified
1,NYSE_recent,2024,think_mix_huber,verified
1,NYSE_recent,2024,stockmixer,verified
1,NYSE_recent,2024,stockmixer_huber,verified
1,NYSE_recent,2024,multiscale_mse,verified
1,NYSE_recent,2024,multiscale_huber,verified
1,NYSE_recent,2024,ridge,verified
1,NYSE_recent,2024,momentum126,verified
1,NYSE_recent,2024,reversal5,verified
1,NYSE_recent,2024,buy_hold,verified
1,NYSE_recent,2024,equal_universe,verified
1,NYSE_recent,2024,market_proxy,verified
1,NYSE_recent,2025,think,verified
1,NYSE_recent,2025,think_huber,verified
1,NYSE_recent,2025,think_mix,verified
1,NYSE_recent,2025,think_mix_huber,verified
1,NYSE_recent,2025,stockmixer,verified
1,NYSE_recent,2025,stockmixer_huber,verified
1,NYSE_recent,2025,multiscale_mse,verified
1,NYSE_recent,2025,multiscale_huber,verified
1,NYSE_recent,2025,ridge,verified
1,NYSE_recent,2025,momentum126,verified
1,NYSE_recent,2025,reversal5,verified
1,NYSE_recent,2025,buy_hold,verified
1,NYSE_recent,2025,equal_universe,verified
1,NYSE_recent,2025,market_proxy,verified
1,NASDAQ_recent,2022,think,verified
1,NASDAQ_recent,2022,think_huber,verified
1,NASDAQ_recent,2022,think_mix,verified
1,NASDAQ_recent,2022,think_mix_huber,verified
1,NASDAQ_recent,2022,stockmixer,verified
1,NASDAQ_recent,2022,stockmixer_huber,verified
1,NASDAQ_recent,2022,multiscale_mse,verified
1,NASDAQ_recent,2022,multiscale_huber,verified
1,NASDAQ_recent,2022,ridge,verified
1,NASDAQ_recent,2022,momentum126,verified
1,NASDAQ_recent,2022,reversal5,verified
1,NASDAQ_recent,2022,buy_hold,verified
1,NASDAQ_recent,2022,equal_universe,verified
1,NASDAQ_recent,2022,market_proxy,verified
1,NASDAQ_recent,2023,think,verified
1,NASDAQ_recent,2023,think_huber,verified
1,NASDAQ_recent,2023,think_mix,verified
1,NASDAQ_recent,2023,think_mix_huber,verified
1,NASDAQ_recent,2023,stockmixer,verified
1,NASDAQ_recent,2023,stockmixer_huber,verified
1,NASDAQ_recent,2023,multiscale_mse,verified
1,NASDAQ_recent,2023,multiscale_huber,verified
1,NASDAQ_recent,2023,ridge,verified
1,NASDAQ_recent,2023,momentum126,verified
1,NASDAQ_recent,2023,reversal5,verified
1,NASDAQ_recent,2023,buy_hold,verified
1,NASDAQ_recent,2023,equal_universe,verified
1,NASDAQ_recent,2023,market_proxy,verified
1,NASDAQ_recent,2024,think,verified
1,NASDAQ_recent,2024,think_huber,verified
1,NASDAQ_recent,2024,think_mix,verified
1,NASDAQ_recent,2024,think_mix_huber,verified
1,NASDAQ_recent,2024,stockmixer,verified
1,NASDAQ_recent,2024,stockmixer_huber,verified
1,NASDAQ_recent,2024,multiscale_mse,verified
1,NASDAQ_recent,2024,multiscale_huber,verified
1,NASDAQ_recent,2024,ridge,verified
1,NASDAQ_recent,2024,momentum126,verified
1,NASDAQ_recent,2024,reversal5,verified
1,NASDAQ_recent,2024,buy_hold,verified
1,NASDAQ_recent,2024,equal_universe,verified
1,NASDAQ_recent,2024,market_proxy,verified
1,NASDAQ_recent,2025,think,verified
1,NASDAQ_recent,2025,think_huber,verified
1,NASDAQ_recent,2025,think_mix,verified
1,NASDAQ_recent,2025,think_mix_huber,verified
1,NASDAQ_recent,2025,stockmixer,verified
1,NASDAQ_recent,2025,stockmixer_huber,verified
1,NASDAQ_recent,2025,multiscale_mse,verified
1,NASDAQ_recent,2025,multiscale_huber,verified
1,NASDAQ_recent,2025,ridge,verified
1,NASDAQ_recent,2025,momentum126,verified
1,NASDAQ_recent,2025,reversal5,verified
1,NASDAQ_recent,2025,buy_hold,verified
1,NASDAQ_recent,2025,equal_universe,verified
1,NASDAQ_recent,2025,market_proxy,verified
