horizon,dataset,test_year,train_start,train_end,train_labels_end,validation_start,validation_end,validation_labels_end,test_start,test_end,training_origins,validation_origins,test_origins,saved_scaler_verified,future_perturbation_invariant,prior_validation_selection_verified
5,NYSE_recent,2022,2019-01-15,2020-12-16,2020-12-24,2021-01-08,2021-12-21,2021-12-30,2022-01-05,2022-12-19,98,49,49,True,True,True
5,NYSE_recent,2023,2019-01-15,2021-12-21,2021-12-30,2022-01-05,2022-12-19,2022-12-28,2023-01-04,2023-12-18,149,49,49,True,True,True
5,NYSE_recent,2024,2019-01-15,2022-12-19,2022-12-28,2023-01-04,2023-12-18,2023-12-27,2024-01-03,2024-12-16,199,49,49,True,True,True
5,NYSE_recent,2025,2020-01-06,2023-12-18,2023-12-27,2024-01-03,2024-12-16,2024-12-24,2025-01-08,2025-12-16,200,49,48,True,True,True
5,NASDAQ_recent,2022,2019-01-15,2020-12-16,2020-12-24,2021-01-08,2021-12-21,2021-12-30,2022-01-05,2022-12-19,98,49,49,True,True,True
5,NASDAQ_recent,2023,2019-01-15,2021-12-21,2021-12-30,2022-01-05,2022-12-19,2022-12-28,2023-01-04,2023-12-18,149,49,49,True,True,True
5,NASDAQ_recent,2024,2019-01-15,2022-12-19,2022-12-28,2023-01-04,2023-12-18,2023-12-27,2024-01-03,2024-12-16,199,49,49,True,True,True
5,NASDAQ_recent,2025,2020-01-06,2023-12-18,2023-12-27,2024-01-03,2024-12-16,2024-12-24,2025-01-08,2025-12-16,200,49,48,True,True,True
1,NYSE_recent,2022,2019-01-15,2020-12-29,2020-12-31,2021-01-04,2021-12-29,2021-12-31,2022-01-03,2022-12-28,494,250,249,True,True,True
1,NYSE_recent,2023,2019-01-15,2021-12-29,2021-12-31,2022-01-03,2022-12-28,2022-12-30,2023-01-03,2023-12-27,746,249,248,True,True,True
1,NYSE_recent,2024,2019-01-15,2022-12-28,2022-12-30,2023-01-03,2023-12-27,2023-12-29,2024-01-02,2024-12-27,997,248,250,True,True,True
1,NYSE_recent,2025,2020-01-02,2023-12-27,2023-12-29,2024-01-02,2024-12-27,2024-12-31,2025-01-02,2025-12-29,1004,250,248,True,True,True
1,NASDAQ_recent,2022,2019-01-15,2020-12-29,2020-12-31,2021-01-04,2021-12-29,2021-12-31,2022-01-03,2022-12-28,494,250,249,True,True,True
1,NASDAQ_recent,2023,2019-01-15,2021-12-29,2021-12-31,2022-01-03,2022-12-28,2022-12-30,2023-01-03,2023-12-27,746,249,248,True,True,True
1,NASDAQ_recent,2024,2019-01-15,2022-12-28,2022-12-30,2023-01-03,2023-12-27,2023-12-29,2024-01-02,2024-12-27,997,248,250,True,True,True
1,NASDAQ_recent,2025,2020-01-02,2023-12-27,2023-12-29,2024-01-02,2024-12-27,2024-12-31,2025-01-02,2025-12-29,1004,250,248,True,True,True
