horizon,dataset,model,label,net_sharpe,net_sharpe_rf0,net_annualized_return,net_cumulative_return,net_annualized_volatility,net_maximum_drawdown,net_profitable_days,net_days,gross_sharpe,gross_sharpe_rf0,gross_annualized_return,gross_cumulative_return,gross_annualized_volatility,gross_maximum_drawdown,gross_profitable_days,gross_days,IC,RankIC,NDCG@5,NDCG@10,NDCG@20,ICIR,RankICIR,spy_net_sharpe,delta_spy,years_beating_spy,median_yearly_sharpe,worst_yearly_sharpe,std_yearly_sharpe,turnover_annual,profitable_periods,low,high,bootstrap_fraction_positive,qqq_sharpe,delta_qqq,years_beating_both,qqq_delta_low,qqq_delta_high,start,end,accounting,net_sharpe_ci_low,net_sharpe_ci_high,delta_spy_ci_low,delta_spy_ci_high,delta_qqq_ci_low,delta_qqq_ci_high
5,NASDAQ_recent,think,THINK reconstruction,0.26485436743800983,0.39840137822618715,0.06594650248339429,0.28029372806114483,0.22134928900181788,-0.24110999426900026,0.5076923076923077,975,0.3723584747146849,0.5059243036046793,0.09160538169151011,0.4037115796352775,0.22131810308029748,-0.23681519847746535,0.5148717948717949,975,0.0023487917126876,0.0125481957595597,0.5217879327984427,0.5433482657200567,0.5830499630577566,0.0128249248183736,0.0675160383564568,0.6213020536744477,-0.35644768623643786,1.0,0.3696341434176095,-0.4065842022933253,0.55064186020253,27.77117973867856,0.517948717948718,-0.8460442853899636,0.1909419873639732,0.088,0.6257838529929071,-0.360929485554892,1.0,-0.9345074069647176,0.278800792307644,2022-01-07,2025-12-24,annual-reset fold compounding; boundary gaps omitted,-0.5318596264367706,1.1666521694299288,-0.8460442853899636,0.1909419873639732,-0.934507406964712,0.2788007923076526
5,NASDAQ_recent,think_rank,THINK + ranking loss,0.22241756943009106,0.3649129529568023,0.05580763887252038,0.23381689727623356,0.20744907768004947,-0.21415596832239747,0.5066666666666667,975,0.34327388974776635,0.48573687996376813,0.08261581717372568,0.35951176754074177,0.20749624756199203,-0.1937544989085972,0.5076923076923077,975,1.05486955318432e-05,0.0101480128373227,0.5158870844292277,0.5405915114634072,0.5822689524986313,5.789652237804128e-05,0.0550104199611415,0.6213020536744477,-0.39888448424435663,1.0,0.514489656241427,-0.6064589202487938,0.5837563342117946,29.342036248817383,0.5230769230769231,-0.8834708519312753,0.1427298960023477,0.068,0.6257838529929071,-0.4033662835628108,1.0,-0.9820288044926894,0.2274927815244251,2022-01-07,2025-12-24,annual-reset fold compounding; boundary gaps omitted,-0.594585429066275,1.0411872759950618,-0.8834708519312755,0.1427298960023477,-0.9820288044926834,0.2274927815244314
5,NASDAQ_recent,think_gate,THINK + market feature gate,0.3606964083397029,0.5012847658192912,0.08701845313367751,0.38102759418079524,0.21026304322940106,-0.20712090609940148,0.5148717948717949,975,0.4540154742172774,0.5945747533343998,0.10856356126976996,0.4899815459001755,0.2103065416382048,-0.20468305649260465,0.517948717948718,975,0.0016027800970162,0.0105791656710572,0.5177687320540307,0.5396774182371062,0.5806164376925321,0.0087141153822173,0.0568461461484137,0.6213020536744477,-0.2606056453347448,1.0,0.5567745998078231,-0.405323707640306,0.5543755767256152,22.91733807821348,0.5230769230769231,-0.7390985225788803,0.2792486502391172,0.178,0.6257838529929071,-0.26508744465319894,1.0,-0.8726404914347666,0.3661086087429956,2022-01-07,2025-12-24,annual-reset fold compounding; boundary gaps omitted,-0.455133267418971,1.2533789347311668,-0.7390985225788805,0.2792486502391174,-0.8726404914347596,0.366108608743
5,NASDAQ_recent,think_mix,THINK + stock mixer residual,0.3558452853304881,0.4789098097524712,0.09011020789076785,0.39628729650395433,0.24020355195880266,-0.25813967701505247,0.5066666666666667,975,0.38605291756610505,0.5091098137808512,0.09804917259350177,0.4360436341093943,0.2402184420017808,-0.257248836744589,0.5076923076923077,975,0.0045348533898669,-0.0001062235028962,0.5251580759865943,0.5371329945052973,0.5790173792155012,0.0272657390320707,-0.0006239606430783,0.6213020536744477,-0.2654567683439596,1.0,0.6106105651991018,-0.5677842427432221,0.7398441683825717,8.671927051251544,0.5435897435897435,-0.7064671112900058,0.2627677030226051,0.159,0.6257838529929071,-0.26993856766241375,1.0,-0.8433199045543474,0.3581473473928329,2022-01-07,2025-12-24,annual-reset fold compounding; boundary gaps omitted,-0.5637687004644293,1.2987217135206983,-0.7064671112900061,0.2627677030226051,-0.8433199045543405,0.3581473473928388
5,NASDAQ_recent,think_risk,THINK + volatility auxiliary task,0.25902847100314835,0.3952772658994705,0.06431013682167475,0.27270616857742347,0.21695998051781007,-0.24738751186642638,0.49743589743589745,975,0.36556268329445707,0.5016925586596158,0.08922229803283255,0.3918921855094808,0.21714951113403375,-0.22997566586631724,0.5005128205128205,975,-0.0017732574490371,0.0056296779476336,0.5173556000179128,0.537230672908658,0.5803436848581708,-0.010546627900726,0.0320014649051386,0.6213020536744477,-0.36227358267129933,1.0,0.4905611809405078,-0.6433794518512854,0.6692223992179441,26.67002804130553,0.5282051282051282,-0.8398576070936616,0.1394484489732133,0.086,0.6257838529929071,-0.3667553819897535,1.0,-0.9739245225140456,0.2326920780739483,2022-01-07,2025-12-24,annual-reset fold compounding; boundary gaps omitted,-0.5589937934391019,1.0746691772254575,-0.8398576070936619,0.1394484489732133,-0.9739245225140408,0.2326920780739523
5,NASDAQ_recent,mlp,Shared MLP,0.2905578915834705,0.4171335400993429,0.07283829822113619,0.3126185551772087,0.23354046558627198,-0.2418705963784662,0.49948717948717947,975,0.4029968566191467,0.5295520130120175,0.10138365805884586,0.4529897476569953,0.23357828103435843,-0.2390540900233339,0.5046153846153846,975,0.0048152008133798,0.0072971894368037,0.5384373045487485,0.5455420106803369,0.5876854273303299,0.0250413934574362,0.0367454066423773,0.6213020536744477,-0.3307441620909772,1.0,0.4042896009568053,-0.2723482030075687,0.4174382792064151,30.282301104303347,0.5230769230769231,-0.8853172259833407,0.2299178464675497,0.119,0.6257838529929071,-0.33522596140943134,1.0,-0.9570558902027694,0.3473040999963082,2022-01-07,2025-12-24,annual-reset fold compounding; boundary gaps omitted,-0.5348126694020952,1.1419847689989304,-0.8853172259833408,0.2299178464675497,-0.957055890202766,0.3473040999963166
5,NASDAQ_recent,lstm,LSTM,0.5993673267899801,0.7287732993843119,0.15087563158896078,0.7223514080182585,0.22843254676466113,-0.21706516035412837,0.5076923076923077,975,0.6881679352215162,0.8174466542857373,0.17457102453032203,0.8636582391663499,0.22865740084875483,-0.21064056256513564,0.5097435897435898,975,0.0034201915963381,0.0100220017858185,0.5248819489565963,0.539486569676686,0.5820813022976434,0.0184665528420362,0.0509819126850833,0.6213020536744477,-0.021934726884467626,2.0,0.5116874867233777,-0.5192078477843242,0.904202062885601,23.750097512640192,0.558974358974359,-0.6315051524575305,0.5365475050279926,0.463,0.6257838529929071,-0.026416526202921786,2.0,-0.7060368140477377,0.6607870057963463,2022-01-07,2025-12-24,annual-reset fold compounding; boundary gaps omitted,-0.2657322041588401,1.561774023426537,-0.6315051524575305,0.5365475050279926,-0.7060368140477358,0.6607870057963543
5,NASDAQ_recent,stockmixer,StockMixer-inspired MLP,0.38063268507415937,0.5054722992522259,0.09621702064684223,0.42679512497799554,0.2367881067312264,-0.2626323237610183,0.5076923076923077,975,0.5080567567336602,0.6328882666985289,0.12979146015842402,0.6034406840918047,0.23680347930262471,-0.26087886340882727,0.5107692307692308,975,0.007726000010814,0.0044265607361082,0.51423950848657,0.5372398588093665,0.5784589653164028,0.0438213960487834,0.0240766012062512,0.6213020536744477,-0.2406693686002883,1.0,0.3463092422016506,-0.1639589093754665,0.4832055882032533,34.67595352948844,0.5230769230769231,-0.8024752866970125,0.3794173372832391,0.215,0.6257838529929071,-0.24515116791874247,1.0,-0.9205325259807202,0.4987117910622977,2022-01-07,2025-12-24,annual-reset fold compounding; boundary gaps omitted,-0.6060356321940571,1.3864240284746918,-0.8024752866970127,0.3794173372832392,-0.9205325259807166,0.4987117910623067
5,NASDAQ_recent,market_transformer,MASTER-inspired Transformer,0.05877442714713843,0.19725249896818967,0.019612052397678825,0.07804096367021573,0.21346726956511108,-0.26892929887089545,0.49333333333333335,975,0.1938892079987245,0.33229990196045844,0.04944609898480623,0.20530170295413352,0.21357118471245937,-0.2394507842593625,0.5025641025641026,975,-0.0093704908780069,-0.0031168216713601,0.5032768000064712,0.5281223250222262,0.5728395640952104,-0.0496532079875353,-0.0161705935784033,0.6213020536744477,-0.5625276265273093,1.0,-0.0555001376493217,-0.5042136566537108,0.5781658322228599,33.58035323627722,0.5230769230769231,-1.1404440823555926,-0.0395506961317005,0.015,0.6257838529929071,-0.5670094258457634,1.0,-1.1533870195759988,0.0180923784273691,2022-01-07,2025-12-24,annual-reset fold compounding; boundary gaps omitted,-0.8513973670191514,0.9344004241767592,-1.1404440823555926,-0.0395506961317005,-1.153387019575994,0.0180923784273746
5,NASDAQ_recent,think_huber,THINK / Huber,0.22793620868362616,0.3741209197877721,0.056840409857321195,0.2384929927858126,0.2022135944518947,-0.227126374105158,0.5005128205128205,975,0.3234607711094825,0.46961497841247135,0.07745517266169077,0.3346091194880787,0.20225579839107813,-0.21732589371814193,0.5015384615384615,975,-0.0093193423775737,-0.0040948022563293,0.5115876456292544,0.5323162477386076,0.5783155553019136,-0.0572731306678396,-0.0248755507522591,0.6213020536744477,-0.3933658449908215,1.0,0.4623806288305835,-0.6684773277279521,0.7712289405027475,21.90531941843972,0.5384615384615384,-0.9620528189825522,0.1997015202363905,0.104,0.6257838529929071,-0.39784764430927566,1.0,-1.0631126573409162,0.2592026636811975,2022-01-07,2025-12-24,annual-reset fold compounding; boundary gaps omitted,-0.5994753826663188,1.066557511931599,-0.962052818982552,0.1997015202363905,-1.0631126573409129,0.2592026636812069
5,NASDAQ_recent,think_mix_huber,THINK+mixer / Huber,0.6745101364585132,0.7809168814665515,0.19544907692148028,0.9951311273156327,0.27780697439855034,-0.3000279289301695,0.5282051282051282,975,0.6899362614041916,0.7963228691430354,0.2006085771058177,1.0286538925738506,0.2778595587787317,-0.2998686239140268,0.5302564102564102,975,0.011750945043456,0.0109564619739696,0.5292354323216651,0.5474850148267232,0.5846515553764337,0.0642251841544192,0.0592757986682618,0.6213020536744477,0.053208082784065525,1.0,0.9992507237562848,-0.3629464272582955,0.8518245744363399,5.212294872661914,0.5641025641025641,-0.3964584627668761,0.5240145290215528,0.622,0.6257838529929071,0.048726283465611364,1.0,-0.4446442037958673,0.5955212415704111,2022-01-07,2025-12-24,annual-reset fold compounding; boundary gaps omitted,-0.2643901900395835,1.651602287162604,-0.3964584627668763,0.5240145290215528,-0.4446442037958629,0.5955212415704163
5,NASDAQ_recent,stockmixer_huber,StockMixer / Huber,0.3643736546289648,0.4888035210925622,0.09210963503797509,0.40622203703152837,0.23756785027917104,-0.2647871059305913,0.5066666666666667,975,0.4973513743249032,0.6216730985933124,0.1272120899595135,0.5893234471111517,0.23777450047636317,-0.2596354918547479,0.5076923076923077,975,0.0015377262418829,0.0036591882218134,0.5147025555989954,0.532218925842712,0.579242688311054,0.0083256269932202,0.0198355763429222,0.6213020536744477,-0.25692839904548287,1.0,0.3813859155824547,-0.267455625167054,0.5038489004614145,36.85129511249129,0.5538461538461539,-0.7839141430814108,0.2867725863164767,0.175,0.6257838529929071,-0.26141019836393703,1.0,-0.8891331531476643,0.403883845660511,2022-01-07,2025-12-24,annual-reset fold compounding; boundary gaps omitted,-0.5113632554263561,1.379504118574369,-0.7839141430814109,0.2867725863164767,-0.8891331531476595,0.4038838456605162
5,NASDAQ_recent,think_mix_shrink,THINK+mixer x0.1 / MSE,0.4516497024902977,0.5782001334158454,0.11397082289357763,0.5182980211791155,0.2335870029843851,-0.23306171881388715,0.5056410256410256,975,0.4977638535658934,0.6243307854637808,0.12602163018479962,0.5828390825343612,0.23355654943212376,-0.23028238750298946,0.5076923076923077,975,0.0071987411503895,0.0043709526281281,0.5126061667394195,0.5364580930110089,0.5772405166962506,0.0419890253487318,0.0241540641652692,0.6213020536744477,-0.16965235118415,1.0,0.7488140641502443,-0.4028285023429026,0.681878550383981,12.296333443183302,0.5384615384615384,-0.663408974975714,0.3707079765566476,0.272,0.6257838529929071,-0.17413415050260417,1.0,-0.7776820055927897,0.4683825095527782,2022-01-07,2025-12-24,annual-reset fold compounding; boundary gaps omitted,-0.4297505475905063,1.3150937063162902,-0.6634089749757142,0.3707079765566478,-0.7776820055927859,0.468382509552784
5,NASDAQ_recent,think_mix_shrink_huber,THINK+mixer x0.1 / Huber,0.6195296595487744,0.7400166957370993,0.16369018275075975,0.7977443046122119,0.24534204526433148,-0.2603871640605766,0.5066666666666667,975,0.6428813804085804,0.763353081465012,0.1703877299491121,0.8381082980264476,0.24537327544195905,-0.25978047142127025,0.5066666666666667,975,0.0125928751927034,0.0099267700071414,0.5181914449853889,0.5388912191657516,0.5816395866112175,0.0686262736084569,0.0518777358548674,0.6213020536744477,-0.0017723941256733156,1.0,0.8691592970103994,-0.2753894955237083,0.7116121308686818,6.722117246308582,0.5538461538461539,-0.427309345629528,0.4401872046072941,0.506,0.6257838529929071,-0.006254193444127476,1.0,-0.5272896387426692,0.5284156376949788,2022-01-07,2025-12-24,annual-reset fold compounding; boundary gaps omitted,-0.2742700142454508,1.545947842287876,-0.4273093456295285,0.4401872046072941,-0.5272896387426649,0.5284156376949838
5,NASDAQ_recent,multiscale_mse,Multi-scale mixer / MSE,0.4481976922822071,0.5798380376162883,0.11082088919637578,0.5017545523000908,0.22455528972718414,-0.2410657507400743,0.5107692307692308,975,0.5424284897341164,0.6740396002740764,0.13458549974847012,0.6299258586398009,0.22460517022463652,-0.23310871933162491,0.5117948717948718,975,0.0076791421177439,0.0114064803864736,0.5221739431472318,0.5424830652822346,0.5863426816966771,0.0475219823290277,0.0655995105665069,0.6213020536744477,-0.17310436139224056,1.0,0.4504046997065987,-0.6183460733906159,0.8865398538985572,25.10168808355172,0.517948717948718,-0.6584603699486544,0.3358506757554204,0.255,0.6257838529929071,-0.17758616071069472,1.0,-0.784097277983766,0.4445733112666343,2022-01-07,2025-12-24,annual-reset fold compounding; boundary gaps omitted,-0.4553111938539443,1.3773534809485717,-0.6584603699486542,0.3358506757554204,-0.7840972779837618,0.4445733112666419
5,NASDAQ_recent,multiscale_huber,Multi-scale mixer / Huber,0.4193567824923482,0.5613023154280782,0.09995271812642348,0.4456995403326869,0.20825266758951513,-0.23797943678951183,0.49333333333333335,975,0.5131430594662345,0.655034449919731,0.12166736874923134,0.5592886653538329,0.20833213200464992,-0.2357194740046028,0.49743589743589745,975,-0.0028440770422582,-0.0025171065149309,0.5173654137909228,0.5336516543305536,0.578801905817241,-0.0185983276634494,-0.0166396253216343,0.6213020536744477,-0.20194527118209948,2.0,0.705085965131707,-0.7924638510435756,0.8647091659277716,22.853822810276657,0.5333333333333333,-0.6515338571000979,0.2597310927874826,0.196,0.6257838529929071,-0.20642707050055364,2.0,-0.7477453153760163,0.3763564450561023,2022-01-07,2025-12-24,annual-reset fold compounding; boundary gaps omitted,-0.429585203022638,1.338985482569788,-0.651533857100098,0.2597310927874826,-0.7477453153760111,0.3763564450561092
5,NASDAQ_recent,ridge,Ridge regression,0.19420479994708684,0.32896022869806796,0.04933197322868699,0.2047946473070983,0.21936434146120395,-0.2668715414730608,0.5128205128205128,975,0.3537820831421128,0.48839813669460036,0.08674248318053457,0.3796715521738503,0.21959146109386826,-0.2618575374224039,0.522051282051282,975,0.0124487732178848,0.0012097258770364,0.5228477304423576,0.5391164515052237,0.5819986259164457,0.0573816927605543,0.005574031036055,0.6213020536744477,-0.42709725372736085,1.0,0.1557154277601365,-0.3334154002710524,0.5296750293943373,41.52099351146207,0.5641025641025641,-0.8596702630211989,0.0464238256456321,0.035,0.6257838529929071,-0.431579053045815,1.0,-0.997908920055246,0.1467489664709408,2022-01-07,2025-12-24,annual-reset fold compounding; boundary gaps omitted,-0.6969749239801231,1.132932370616534,-0.859670263021199,0.0464238256456322,-0.9979089200552408,0.1467489664709474
5,NASDAQ_recent,momentum126,126-session momentum,0.3808621457630849,0.5174397177563894,0.09263731037693779,0.4088526656349436,0.21643770243426436,-0.22665891600190557,0.5148717948717949,975,0.4167322820738156,0.5532899263761701,0.10115829146717603,0.4518397682841091,0.21646928692494644,-0.22629628803736745,0.5158974358974359,975,-0.001633325990799,0.0053319197140886,0.502849510429982,0.5268067188534515,0.5756183439926443,-0.0072929588948611,0.0257911149348266,0.6213020536744477,-0.24043990791136277,2.0,0.419268448305591,-0.5099169968042381,0.7712527115622279,8.996096015875523,0.5846153846153846,-0.8117024440852278,0.3031919770115053,0.192,0.6257838529929071,-0.24492170722981693,2.0,-0.8626376683159532,0.3965140011071421,2022-01-07,2025-12-24,annual-reset fold compounding; boundary gaps omitted,-0.4051431729602072,1.2248153494521632,-0.8117024440852278,0.3031919770115053,-0.8626376683159477,0.3965140011071482
5,NASDAQ_recent,reversal5,5-session reversal,0.20434925031623422,0.34166387792041725,0.05179812534277772,0.21578693102764168,0.21527594257103494,-0.27658202743601923,0.5097435897435898,975,0.3484838871891791,0.48573039990450906,0.08495610466872083,0.3709176361678723,0.21538278315015685,-0.22713844425316376,0.5138461538461538,975,0.0047386388563274,0.0090503757600243,0.50574759543356,0.5315704154705725,0.5763442465012972,0.0216501628755787,0.0439278852763094,0.6213020536744477,-0.4169528033582135,2.0,0.1985402763461799,-0.5241456801181881,0.6445664794567315,36.13346389563796,0.5230769230769231,-1.0382968541287767,0.1694920285119425,0.084,0.6257838529929071,-0.42143460267666766,2.0,-1.1019941328765013,0.2692611883700709,2022-01-07,2025-12-24,annual-reset fold compounding; boundary gaps omitted,-0.6150747487784214,1.0409739633090125,-1.038296854128777,0.1694920285119425,-1.1019941328764975,0.2692611883700755
5,NASDAQ_recent,buy_hold,Equal-weight buy-and-hold,0.3405459826817719,0.49039092436759185,0.08038578076591185,0.3487088495684201,0.19727416590585195,-0.23037134075116905,0.5035897435897436,975,0.34886454632054104,0.49869712596180177,0.08216249467843428,0.35731056975160347,0.19729044215254773,-0.22974386503412747,0.5035897435897436,975,,,,,,,,0.6213020536744477,-0.2807560709926758,1.0,0.6803579233199968,-0.7094527208234506,0.7721991109764063,2.014484253538161,0.5435897435897435,-0.7045587698601266,0.1612088690118848,0.093,0.6257838529929071,-0.28523787031112996,1.0,-0.8297802174075334,0.2737934017063749,2022-01-07,2025-12-24,annual-reset fold compounding; boundary gaps omitted,-0.4902223816170535,1.2554245938072652,-0.7045587698601266,0.1612088690118847,-0.8297802174075283,0.2737934017063802
5,NASDAQ_recent,equal_universe,Equal-weight rebalanced universe,0.3636555245025334,0.5066890489982308,0.08699267832084123,0.38090090186856873,0.20666858340032287,-0.22193359992219586,0.5015384615384615,975,0.38061020404228435,0.5236202623849939,0.0908138214303087,0.39977745169870094,0.20670249511710725,-0.22025078237409235,0.5015384615384615,975,,,,,,,,0.6213020536744477,-0.2576465291719143,1.0,0.6834767861877132,-0.6110142337391732,0.7211943009778191,4.298269466839408,0.5435897435897435,-0.6952733389301108,0.1913009036035896,0.114,0.6257838529929071,-0.26212832849036843,1.0,-0.8156119896976289,0.3389465707015614,2022-01-07,2025-12-24,annual-reset fold compounding; boundary gaps omitted,-0.4719396601754984,1.2828152638743036,-0.6952733389301109,0.1913009036035894,-0.8156119896976199,0.3389465707015659
5,NASDAQ_recent,market_proxy,SPY,0.6213020536744477,0.7844657362665924,0.1339844507691672,0.6265876420983796,0.18117105115954474,-0.23423991332086702,0.5456410256410257,975,0.629249683541817,0.792395917982269,0.13562752635508568,0.6357252929795807,0.18119042702803334,-0.23423991332086724,0.5456410256410257,975,,,,,,,,0.6213020536744477,0.0,0.0,1.3315998656040435,-0.8525728255576697,1.2839175842133903,2.067692307692308,0.6205128205128205,0.0,0.0,0.0,0.6257838529929071,-0.0044817993184541605,0.0,-0.290083482456724,0.2710348084378015,2022-01-07,2025-12-24,annual-reset fold compounding; boundary gaps omitted,-0.2152007147042498,1.541758458612246,0.0,0.0,-0.2900834824567173,0.2710348084378063
5,NASDAQ_recent,qqq,QQQ,0.6257838529929018,0.7500970089225956,0.16199229686024053,0.787616996994847,0.237790889187942,-0.3241693798187819,0.5517948717948717,975,0.6318599928603127,0.756168049827266,0.1636759541385231,0.797659259462038,0.2378006430760934,-0.3241693798187829,0.5517948717948717,975,,,,,,,,,0.0044817993184541605,,,,,2.0676923076923073,0.6051282051282051,,,,,0.0,,,,2022-01-07,2025-12-24,annual-reset fold compounding; boundary gaps omitted,-0.2337146692800214,1.524115723854355,-0.2710348084378065,0.2900834824567172,0.0,0.0
5,NYSE_recent,think,THINK reconstruction,0.016696289547108147,0.172386308943218,0.014881465740341548,0.058817677687746484,0.18986789263011533,-0.25780322437911873,0.5169230769230769,975,0.12735412127121637,0.28296322708532146,0.036423039249631195,0.14845403937273738,0.18996662008709816,-0.20882590792198308,0.522051282051282,975,0.005450224960375,-0.0014838565470367,0.5163864848725795,0.5278580351576352,0.5734315064358877,0.0367361708175293,-0.0095851583008225,0.6213020536744477,-0.6046057641273396,2.0,-0.2645821586250005,-0.4692528925723175,0.7495491517309231,24.503752497196263,0.5487179487179488,-1.1782788421962898,-0.0944601813590612,0.009,0.6257838529929071,-0.6090875634457937,2.0,-1.3441242946998522,0.0718422875988183,2022-01-07,2025-12-24,annual-reset fold compounding; boundary gaps omitted,-0.9735957904122364,0.9723100025562352,-1.1782788421962898,-0.0944601813590612,-1.3441242946998435,0.0718422875988243
5,NYSE_recent,think_rank,THINK + ranking loss,-0.18465917772350898,-0.025001709808648184,-0.02148815895475309,-0.08061008535789516,0.18514972254254122,-0.33235496830729605,0.49948717948717947,975,-0.025555318557204998,0.134234657218012,0.0078012931599766855,0.030523007906345878,0.18499618479112329,-0.27205756701773076,0.5046153846153846,975,0.0043490225784923,-0.0006378383240986,0.5181382477897741,0.5332771584808674,0.5737373139329222,0.0284097984713909,-0.0040044763757701,0.6213020536744477,-0.8059612313979567,1.0,-0.3945938096776206,-0.6795302001673297,0.6341530754601868,33.616365755387186,0.517948717948718,-1.4189978730996355,-0.2334267793567403,0.001,0.6257838529929071,-0.8104430307164108,1.0,-1.6033396263489026,-0.1094669427510687,2022-01-07,2025-12-24,annual-reset fold compounding; boundary gaps omitted,-1.2044620897271268,0.8606359799869804,-1.4189978730996355,-0.2334267793567403,-1.6033396263488973,-0.1094669427510628
5,NYSE_recent,think_gate,THINK + market feature gate,0.0962395582749454,0.26064154256429184,0.03123101105085757,0.1263538892936309,0.17980644220360992,-0.24209252600296616,0.5046153846153846,975,0.23659646441393245,0.4010801983114762,0.05757920757186241,0.24184611399400802,0.17971707709830023,-0.22561507208841347,0.5107692307692308,975,0.0061584464944115,-0.0014255274166236,0.5138856648109159,0.5305874379356992,0.5737910662257262,0.0388929763547382,-0.0085531695358882,0.6213020536744477,-0.5250624953995022,2.0,-0.1734593548566262,-0.4662997683739727,0.7568004838481756,29.20680920445601,0.5487179487179488,-1.0736901548986697,-0.0007111198576772,0.025,0.6257838529929071,-0.5295442947179565,2.0,-1.2670669411445892,0.1623395164258567,2022-01-07,2025-12-24,annual-reset fold compounding; boundary gaps omitted,-0.8740766562560379,1.0178490329771466,-1.07369015489867,-0.0007111198576772,-1.267066941144585,0.1623395164258632
5,NYSE_recent,think_mix,THINK + stock mixer residual,0.3007398155815718,0.4391887264197603,0.07365637181477291,0.31649537616231727,0.2135122313878647,-0.223885664132927,0.5107692307692308,975,0.3405882484736894,0.4789677551532175,0.08284347387088586,0.3606181979778602,0.21361931831958433,-0.21879735327840832,0.5117948717948718,975,0.0116314594862703,0.020869913308861,0.5143031548912629,0.5332652913676842,0.5758717075655877,0.0695588069145374,0.125444582867366,0.6213020536744477,-0.3205622380928759,1.0,0.5990667031379054,-0.751309351294188,0.8424928574431191,10.247598568398177,0.558974358974359,-0.9423058443330132,0.2854849221651006,0.141,0.6257838529929071,-0.32504403741133003,1.0,-1.0999183465844982,0.42647271664791,2022-01-07,2025-12-24,annual-reset fold compounding; boundary gaps omitted,-0.6398153766483307,1.1807372444877269,-0.9423058443330136,0.2854849221651007,-1.0999183465844922,0.4264727166479146
5,NYSE_recent,think_risk,THINK + volatility auxiliary task,-0.24575202605837454,-0.10316143447491223,-0.04194398008804934,-0.1527715679196665,0.2073105634671453,-0.381081713710563,0.49948717948717947,975,-0.16366411525533184,-0.021063796862308942,-0.02549221053297579,-0.09508070340366437,0.20729642275278037,-0.3435301646932787,0.5005128205128205,975,-0.0071069443288183,-0.010403272626164,0.5046615139462638,0.526607191661596,0.5701267117814829,-0.046694852702642,-0.0670538646856724,0.6213020536744477,-0.8670540797328222,1.0,-0.5399954668677791,-0.6608081734014276,0.7482230842726577,19.45960534197473,0.5333333333333333,-1.454898842867019,-0.3009791901326729,0.0,0.6257838529929071,-0.8715358790512764,1.0,-1.5371818041181111,-0.1710158744627948,2022-01-07,2025-12-24,annual-reset fold compounding; boundary gaps omitted,-1.179313472131165,0.7186570203923363,-1.4548988428670195,-0.3009791901326729,-1.537181804118108,-0.1710158744627894
5,NYSE_recent,mlp,Shared MLP,-0.23740124111015462,-0.1164378476675576,-0.05659240294727608,-0.20180196437125042,0.2443758813719876,-0.4141077320254799,0.49948717948717947,975,-0.13013308722220554,-0.0092008852972186,-0.03154944685672789,-0.1166496264150777,0.2444389121816972,-0.37964169478009946,0.5035897435897436,975,-0.0078752107914783,-0.0148281069371971,0.518581903131566,0.5322928731754976,0.5694900395177898,-0.0403933147450359,-0.0737118629022413,0.6213020536744477,-0.8587032947846023,0.0,0.0483318886726598,-1.0313654894254154,0.6322483060472227,30.77758910800585,0.517948717948718,-1.5487441444290282,-0.2566109819963175,0.002,0.6257838529929071,-0.8631850941030564,0.0,-1.5929093803046674,-0.1526421819856412,2022-01-07,2025-12-24,annual-reset fold compounding; boundary gaps omitted,-1.0666868577156363,0.5520177132526115,-1.5487441444290284,-0.2566109819963175,-1.5929093803046617,-0.1526421819856322
5,NYSE_recent,lstm,LSTM,-0.011044087116867933,0.13732088427224912,0.007616082762123888,0.029790457143696658,0.19924201521094012,-0.2130998509646883,0.5035897435897436,975,0.12754740081106056,0.27579731185327916,0.03581686168515552,0.14585737335747928,0.1993966517650247,-0.19959825615086169,0.5097435897435898,975,0.0036929999272893,-0.0013427744685628,0.5155201830366468,0.5311806727591788,0.5701830876086031,0.0218849221423479,-0.0077932759119266,0.6213020536744477,-0.6323461407913156,1.0,0.1812215437067852,-0.6149180195669206,0.5761268905845401,33.181192519156134,0.5076923076923077,-1.170370954267442,-0.1012113165270749,0.012,0.6257838529929071,-0.6368279401097697,1.0,-1.313436119786529,0.0630978151948594,2022-01-07,2025-12-24,annual-reset fold compounding; boundary gaps omitted,-0.8493434659489635,0.8403192728785208,-1.170370954267442,-0.1012113165270749,-1.3134361197865234,0.0630978151948646
5,NYSE_recent,stockmixer,StockMixer-inspired MLP,-0.11817415654169719,0.009625983972125902,-0.024128149096355966,-0.0901701043716544,0.23130284338837512,-0.3484003559726261,0.5148717948717949,975,-0.004134555361924284,0.1235825183500621,0.0019263772119826328,0.007473866445911526,0.23145328206425128,-0.3338921567627986,0.517948717948718,975,-0.0128449291816492,-0.0134495228858746,0.5157561187364511,0.5358127661802745,0.5691701411313965,-0.0742457507974502,-0.075960444616776,0.6213020536744477,-0.7394762102161448,0.0,0.2787003587672869,-1.034227422450974,0.7733151577473987,31.59093259375185,0.5076923076923077,-1.343083734807067,-0.2204627035348176,0.003,0.6257838529929071,-0.743958009534599,0.0,-1.4497854619203878,-0.064250158526984,2022-01-07,2025-12-24,annual-reset fold compounding; boundary gaps omitted,-0.99512138986619,0.6865332250518473,-1.343083734807067,-0.2204627035348177,-1.4497854619203845,-0.0642501585269804
5,NYSE_recent,market_transformer,MASTER-inspired Transformer,-0.3275015538591715,-0.19953633778616994,-0.07015168502532532,-0.245281591280196,0.2310044619423568,-0.3877254007035811,0.49128205128205127,975,-0.1848187165759105,-0.05699831975305249,-0.03908203982366898,-0.14293746389263695,0.231266187721574,-0.3143649934885002,0.49641025641025643,975,0.0031666724717529,0.0060450206144044,0.4991649503201266,0.5221946455517932,0.5689863286050266,0.018285775257277,0.033812474078763,0.6213020536744477,-0.9488036075336193,1.0,-0.3252407629212434,-1.0921574288712363,0.5994526335360444,38.35781920970827,0.4871794871794871,-1.5979288647726575,-0.3077265780643274,0.0,0.6257838529929071,-0.9532854068520733,1.0,-1.7475463395850326,-0.2424362644289699,2022-01-07,2025-12-24,annual-reset fold compounding; boundary gaps omitted,-1.117027768829761,0.4607378499821232,-1.5979288647726575,-0.3077265780643274,-1.7475463395850304,-0.2424362644289654
5,NYSE_recent,think_huber,THINK / Huber,-0.053741069558712926,0.12106973219776365,0.00624706516059681,0.02438763947273226,0.16910016766275696,-0.24447447612349227,0.5097435897435898,975,0.13117723916643895,0.3060793347425611,0.03821189821948656,0.1561423667431987,0.1690119022811571,-0.20079734582810393,0.5169230769230769,975,0.0134131336373452,0.0054281504960422,0.5117318486001913,0.5325380414552507,0.5741920619664534,0.0899166984796573,0.0372065459280413,0.6213020536744477,-0.6750431232331606,1.0,-0.2964033489043111,-0.3890240606113689,0.5309471210384145,35.82739711053831,0.5487179487179488,-1.2481570448863346,-0.1243492710866684,0.009,0.6257838529929071,-0.6795249225516148,1.0,-1.438815819449183,0.0010466518020927,2022-01-07,2025-12-24,annual-reset fold compounding; boundary gaps omitted,-1.0150050277288654,0.9071997415951908,-1.2481570448863348,-0.1243492710866684,-1.438815819449176,0.0010466518020982
5,NYSE_recent,think_mix_huber,THINK+mixer / Huber,0.19400514892871742,0.35641067985167457,0.04951244860505333,0.20559656409219818,0.18201680520538585,-0.20737119224271217,0.5128205128205128,975,0.2178648292221522,0.3802293759701611,0.0540815684794842,0.22603097930046112,0.18206275001746128,-0.20413875085544786,0.5138461538461538,975,0.0101284204618643,0.0172307813799055,0.5159446546344384,0.5336512543844244,0.5749520132500728,0.0571130087217017,0.0994317218186691,0.6213020536744477,-0.42729690474573023,1.0,0.4599501270461428,-0.8244925679489209,0.9442940543754056,5.377632931937157,0.5743589743589743,-0.928928636485896,0.0525636508218794,0.038,0.6257838529929071,-0.4317787040641844,1.0,-1.1153037421944676,0.1986096369638002,2022-01-07,2025-12-24,annual-reset fold compounding; boundary gaps omitted,-0.716183037444751,1.1513565645229304,-0.928928636485896,0.0525636508218792,-1.1153037421944607,0.1986096369638045
5,NYSE_recent,stockmixer_huber,StockMixer / Huber,-0.15666065677438692,-0.00043691649250242516,-0.01777128868710387,-0.06702442474667036,0.18921923027155277,-0.19293444741083599,0.5056410256410256,975,-0.029418985621714872,0.12673831600150265,0.006149408534338319,0.024003043235526045,0.18929973545269105,-0.18820286012873233,0.5076923076923077,975,-0.0188403758404258,-0.0177919268998607,0.5064887424871428,0.5171915024582582,0.5616594053216045,-0.1186575941214846,-0.1127646266193804,0.6213020536744477,-0.7779627104488346,1.0,-0.1344264545320126,-0.5870062244029518,0.5114972230852496,28.73317270723223,0.517948717948718,-1.3224441493643944,-0.2649487718777525,0.003,0.6257838529929071,-0.7824445097672887,1.0,-1.4422767709471551,-0.1278808034958763,2022-01-07,2025-12-24,annual-reset fold compounding; boundary gaps omitted,-1.0395193049889662,0.7063896869926406,-1.3224441493643944,-0.2649487718777525,-1.4422767709471498,-0.1278808034958702
5,NYSE_recent,think_mix_shrink,THINK+mixer x0.1 / MSE,0.07495775565827067,0.2094617277689399,0.022207568495885566,0.08869744042901861,0.21977444548595854,-0.24872854364165853,0.49846153846153846,975,0.13923245755816457,0.2737266034072622,0.036748442071505405,0.14984975695121117,0.2197905024018523,-0.24031109948409923,0.5005128205128205,975,0.0032921586156524,0.0097147104297344,0.511019600036127,0.5319696282546402,0.5699633942642013,0.0205596570631034,0.0593188363525737,0.6213020536744477,-0.546344298016177,0.0,0.2109456907699632,-0.952836888519623,0.81024539414037,16.419524478484544,0.5384615384615384,-1.1736010706025983,0.0605584774733241,0.044,0.6257838529929071,-0.5508260973346312,0.0,-1.267588681869265,0.1924142706004972,2022-01-07,2025-12-24,annual-reset fold compounding; boundary gaps omitted,-0.8298665824657698,1.0211593198703774,-1.1736010706025983,0.0605584774733242,-1.2675886818692592,0.1924142706005029
5,NYSE_recent,think_mix_shrink_huber,THINK+mixer x0.1 / Huber,-0.17581604650155744,-0.04609900753996801,-0.035836270192223685,-0.13168230388968394,0.22788475687480306,-0.35778932863748414,0.5046153846153846,975,-0.13648952364147776,-0.006874721996247024,-0.027217194740859263,-0.10126244378047122,0.2280645073792686,-0.343697117001317,0.5076923076923077,975,0.0009140728218193,0.0070098334256341,0.5081549198061678,0.5272222968276096,0.5693203078684291,0.0052032710731165,0.0412042589006697,0.6213020536744477,-0.7971181001760052,0.0,0.1309945605841625,-1.284955552316707,0.9711365660868804,10.590936913890404,0.5230769230769231,-1.4169028509557553,-0.1688411822942191,0.004,0.6257838529929071,-0.8015998994944593,0.0,-1.5162161789888615,-0.0942299211958573,2022-01-07,2025-12-24,annual-reset fold compounding; boundary gaps omitted,-1.059181217699998,0.7445843821036774,-1.4169028509557555,-0.1688411822942191,-1.516216178988857,-0.0942299211958517
5,NYSE_recent,multiscale_mse,Multi-scale mixer / MSE,-0.11403408821296111,0.025237213318212767,-0.016922045064492797,-0.06389954987951374,0.2122514513850828,-0.23660911892641445,0.49641025641025643,975,0.002745212100405727,0.141919495230919,0.007721590805829681,0.03020771896788399,0.21239941188387665,-0.21879766134877765,0.5056410256410256,975,-0.0085354061051079,-0.0189561681053509,0.5116202768544538,0.5262575655687354,0.5618130935949218,-0.0531856141300961,-0.1108688201611953,0.6213020536744477,-0.7353361418874088,1.0,0.0528428180113868,-0.584864863149387,0.3555674939423325,29.73500219359608,0.4923076923076923,-1.3654097325384915,-0.1832861093073449,0.004,0.6257838529929071,-0.739817941205863,1.0,-1.4696196257182834,-0.043636765747265,2022-01-07,2025-12-24,annual-reset fold compounding; boundary gaps omitted,-0.9498100894527656,0.6907359096506246,-1.365409732538492,-0.1832861093073448,-1.46961962571828,-0.0436367657472587
5,NYSE_recent,multiscale_huber,Multi-scale mixer / Huber,-0.11263479199704879,0.03135296479831737,-0.01446333269240041,-0.054808708303762055,0.2052989541901974,-0.25286253908801903,0.5015384615384615,975,-0.014046720704229153,0.12985035866310593,0.005661184608927616,0.022081900720510417,0.2054283243012885,-0.22970485001578644,0.5066666666666667,975,-0.0148544807173984,-0.0193726528953513,0.507072988162231,0.5291397603466405,0.5678940821393623,-0.0881130022567332,-0.106508561120854,0.6213020536744477,-0.7339368456714965,1.0,0.0982243491101255,-0.7781768393096012,0.5076352199182598,24.408132981407324,0.5128205128205128,-1.3541807578118432,-0.1439478451498692,0.004,0.6257838529929071,-0.7384186449899506,1.0,-1.4867915068123632,-0.0166459783203337,2022-01-07,2025-12-24,annual-reset fold compounding; boundary gaps omitted,-1.0049036337847257,0.773200783305259,-1.3541807578118434,-0.1439478451498694,-1.486791506812359,-0.0166459783203247
5,NYSE_recent,ridge,Ridge regression,-0.029893950645089946,0.09656283776156493,-0.004680769724915379,-0.017988871630818082,0.23375997650060132,-0.28497259260473196,0.5015384615384615,975,0.18478411814864196,0.3110771623191243,0.04652793969776026,0.19238606455496576,0.23406305612823405,-0.23060848157362923,0.5066666666666667,975,0.0095194529492882,0.0023116946831112,0.531673105513146,0.5409012242062907,0.5758661001809557,0.0525151381581892,0.012678937811579,0.6213020536744477,-0.6511960043195376,1.0,-0.0827818333828332,-0.643055567634801,0.5512260414744261,58.52001949103637,0.4974358974358974,-1.3764014176901735,0.0056250969648478,0.027,0.6257838529929071,-0.6556778036379918,1.0,-1.4214508494117006,0.0824500166483924,2022-01-07,2025-12-24,annual-reset fold compounding; boundary gaps omitted,-0.884898996414742,0.7905130392508091,-1.3764014176901735,0.0056250969648478,-1.421450849411697,0.0824500166483958
5,NYSE_recent,momentum126,126-session momentum,0.3932663905115497,0.5516853453013382,0.08927828076279476,0.392168993894334,0.1865972157530394,-0.21412061178211494,0.5271794871794871,975,0.4469904245786799,0.6053269816802318,0.10027742111409665,0.4473514195519235,0.18669432017093804,-0.20308046892055043,0.5312820512820513,975,0.0046519849181061,0.008905125101671,0.5140467915350215,0.5314958503693185,0.57485821864469,0.0220113566043065,0.0435982422490685,0.6213020536744477,-0.22803566316289797,2.0,0.7601885295063469,-0.640927835497356,0.8800919351099737,11.93890954759036,0.5641025641025641,-0.8085061555628504,0.3276937996215847,0.225,0.6257838529929071,-0.23251746248135213,2.0,-0.9615527463317304,0.4746969767741499,2022-01-07,2025-12-24,annual-reset fold compounding; boundary gaps omitted,-0.5072467945191693,1.3813961782459152,-0.8085061555628504,0.3276937996215847,-0.9615527463317256,0.4746969767741532
5,NYSE_recent,reversal5,5-session reversal,-0.007071976384873817,0.14062141033860337,0.008168614512326089,0.031976993470745674,0.20014799946071146,-0.3390055612362465,0.49230769230769234,975,0.2573848339273883,0.4050520260489143,0.06296927417921117,0.2665137067996872,0.200183503604197,-0.3025053080528811,0.5025641025641026,975,0.0264204417954336,0.0302542870957266,0.5175472625997989,0.5375910602807911,0.5815969646632942,0.1390604531385908,0.169554003692134,0.6213020536744477,-0.6283740300593215,1.0,-0.0593525798733013,-1.1018044722806175,1.0607542694109202,61.95427422363773,0.5076923076923077,-1.3663631574757085,0.1176557085521351,0.051,0.6257838529929071,-0.6328558293777756,1.0,-1.5137371751557962,0.2278040743836862,2022-01-07,2025-12-24,annual-reset fold compounding; boundary gaps omitted,-0.8731550721730308,0.845280461924261,-1.3663631574757087,0.1176557085521352,-1.5137371751557902,0.2278040743836906
5,NYSE_recent,buy_hold,Equal-weight buy-and-hold,0.21304321072626514,0.38081352317363887,0.052944643254468904,0.2209225055769597,0.1761964644105537,-0.19808395380856836,0.5128205128205128,975,0.22234784869269242,0.3900901289493641,0.05467347123882593,0.2286968033686525,0.17622590941919322,-0.19808395380857158,0.5128205128205128,975,,,,,,,,0.6213020536744477,-0.40825884294818254,1.0,0.542797107374631,-0.6022206852595513,0.6236609500420178,2.027398211873172,0.5743589743589743,-0.9018361881794776,0.0808560292844346,0.048,0.6257838529929071,-0.4127406422666367,1.0,-1.0790429226493454,0.2465775216047907,2022-01-07,2025-12-24,annual-reset fold compounding; boundary gaps omitted,-0.7068843262411231,1.1344698669556794,-0.9018361881794776,0.0808560292844346,-1.0790429226493394,0.2465775216047952
5,NYSE_recent,equal_universe,Equal-weight rebalanced universe,0.17852428137545032,0.3392761145258244,0.046560984634252955,0.192531742810649,0.18388926152169588,-0.19929549863555696,0.5107692307692308,975,0.19643471239581642,0.35715004592995186,0.05001372929484882,0.20782601036848458,0.18393102410481937,-0.1983481186305669,0.5107692307692308,975,,,,,,,,0.6213020536744477,-0.4427777722989974,1.0,0.4747395188789169,-0.5987237697921861,0.5937366290926678,4.095692107327842,0.558974358974359,-0.9416870605820422,0.0519255816668793,0.037,0.6257838529929071,-0.44725957161745156,1.0,-1.103715720681565,0.2149741011199548,2022-01-07,2025-12-24,annual-reset fold compounding; boundary gaps omitted,-0.7204390829395917,1.0822091380591126,-0.9416870605820422,0.0519255816668793,-1.1037157206815609,0.2149741011199605
5,NYSE_recent,market_proxy,SPY,0.6213020536744477,0.7844657362665924,0.1339844507691672,0.6265876420983796,0.18117105115954474,-0.23423991332086702,0.5456410256410257,975,0.629249683541817,0.792395917982269,0.13562752635508568,0.6357252929795807,0.18119042702803334,-0.23423991332086724,0.5456410256410257,975,,,,,,,,0.6213020536744477,0.0,0.0,1.3315998656040435,-0.8525728255576697,1.2839175842133903,2.067692307692308,0.6205128205128205,0.0,0.0,0.0,0.6257838529929071,-0.0044817993184541605,0.0,-0.290083482456724,0.2710348084378015,2022-01-07,2025-12-24,annual-reset fold compounding; boundary gaps omitted,-0.2152007147042498,1.541758458612246,0.0,0.0,-0.2900834824567173,0.2710348084378063
5,NYSE_recent,qqq,QQQ,0.6257838529929018,0.7500970089225956,0.16199229686024053,0.787616996994847,0.237790889187942,-0.3241693798187819,0.5517948717948717,975,0.6318599928603127,0.756168049827266,0.1636759541385231,0.797659259462038,0.2378006430760934,-0.3241693798187829,0.5517948717948717,975,,,,,,,,,0.0044817993184541605,,,,,2.0676923076923073,0.6051282051282051,,,,,0.0,,,,2022-01-07,2025-12-24,annual-reset fold compounding; boundary gaps omitted,-0.2337146692800214,1.524115723854355,-0.2710348084378065,0.2900834824567172,0.0,0.0
1,NASDAQ_recent,think,THINK reconstruction,-0.09730769498528921,0.04107050976144974,-0.013884451661029806,-0.053709513314904034,0.2136213281591788,-0.2761381112479907,0.4914572864321608,995,0.30039364922914913,0.4388717621694428,0.07353820779037568,0.32336678851341194,0.2134672061788313,-0.2350367090112757,0.5025125628140703,995,0.001992234191643,-0.0013699175691352,0.5059469573473949,0.5303319727676665,0.5758090859232202,0.0109512990684936,-0.0072955079222661,0.4966830056683651,-0.5939907006536543,0.0,-0.0602680789859486,-1.0630045982681111,0.8501873226564908,101.20102061968552,0.4914572864321608,-1.11052677068215,-0.0746923423651405,0.015,0.4987855459578331,-0.5960932409431177,0.0,-1.2316717085036677,0.0657947140464095,2022-01-05,2025-12-31,annual-reset fold compounding; boundary gaps omitted,-0.9725228315414262,0.7887652842152327,-1.1105267706821502,-0.0746923423651405,-1.2316717085036648,0.0657947140464139
1,NASDAQ_recent,think_huber,THINK / Huber,-0.18181245094289597,-0.031956380436752606,-0.02539068173310921,-0.09656182304976269,0.19725951565685368,-0.26674632597836123,0.47537688442211057,995,0.3356166728051907,0.48541593978217257,0.07934703046609393,0.3518662081181263,0.19733431600051435,-0.21264289130719694,0.5015075376884423,995,-0.0017563736153911,-0.0002056149068782,0.5103222569464018,0.530229735127024,0.5759238467410691,-0.0096857106937939,-0.0010947563591309,0.4966830056683651,-0.6784954566112611,0.0,0.1046262725017558,-1.043222911218773,0.6085656821342024,118.5491215959659,0.4753768844221105,-1.171810225216088,-0.1786472717234221,0.008,0.4987855459578331,-0.6805979969007244,0.0,-1.2641180891378774,-0.0551418786864661,2022-01-05,2025-12-31,annual-reset fold compounding; boundary gaps omitted,-0.9976488908829426,0.6687305673669728,-1.1718102252160882,-0.1786472717234221,-1.2641180891378754,-0.0551418786864615
1,NASDAQ_recent,think_mix,THINK + stock mixer residual,0.3833991252147511,0.4981100221012404,0.09990300883519221,0.45641183338778424,0.2576959703796268,-0.32580488583196343,0.507537688442211,995,0.5257892167637818,0.640473115749447,0.14102240487028816,0.6835306874060012,0.25775663495689155,-0.30544577562693054,0.5125628140703518,995,0.0073887213567248,0.0069338038020767,0.5186061255809249,0.5368185845281217,0.5814297435106552,0.0456524169561527,0.041644159494396,0.4966830056683651,-0.11328388045361398,1.0,0.5620872660349799,-0.5780072352219483,0.7706811251429067,44.57380967623759,0.507537688442211,-0.6491021019045703,0.4002099838670213,0.33,0.4987855459578331,-0.11538642074307737,1.0,-0.7300771883874195,0.5172387757959922,2022-01-05,2025-12-31,annual-reset fold compounding; boundary gaps omitted,-0.5154033375727443,1.372882659470568,-0.6491021019045704,0.4002099838670214,-0.7300771883874166,0.5172387757959931
1,NASDAQ_recent,think_mix_huber,THINK+mixer / Huber,0.2909880373893052,0.4152913857543099,0.07322091738540282,0.3218231238132192,0.23780965094745085,-0.2835649505696002,0.5045226130653266,995,0.33599106255884204,0.4602652654890243,0.08477319948607742,0.3788999213268527,0.23786542330823376,-0.28128246462163253,0.5055276381909548,995,0.003950952040651,0.0051236472904071,0.5169956480039564,0.5353923307676698,0.5796909990734493,0.0240715234139452,0.029522000599082,0.4966830056683651,-0.20569496827905992,0.0,0.4177246755984276,-0.8654882740750475,1.0950384038832843,13.039940297837685,0.5045226130653266,-0.7101665561327483,0.3052821179707542,0.215,0.4987855459578331,-0.2077975085685233,0.0,-0.8319888732452629,0.4555176519087868,2022-01-05,2025-12-31,annual-reset fold compounding; boundary gaps omitted,-0.5424847714815131,1.136653951509187,-0.7101665561327483,0.3052821179707543,-0.8319888732452554,0.4555176519087925
1,NASDAQ_recent,stockmixer,StockMixer-inspired MLP,0.05500612062117724,0.177860497060302,0.014114054513419738,0.056898313148382895,0.24061443102866278,-0.2686564153003904,0.4994974874371859,995,0.39575998727910655,0.5185467230697548,0.10077436027981124,0.46097275776900837,0.2407469804937398,-0.24544019368881576,0.5105527638190954,995,0.0004982198426612,-0.0013578014977962,0.5200106000294457,0.5359918700571042,0.5791603932948561,0.0025860125672365,-0.0068865497798996,0.4966830056683651,-0.44167688504718783,1.0,0.1576041824892697,-0.6069170587015271,0.5329275804583624,94.70355422834984,0.4994974874371859,-0.9877244749228112,0.080338259468633,0.047,0.4987855459578331,-0.44377942533665127,1.0,-1.0902053886331755,0.1991560773247112,2022-01-05,2025-12-31,annual-reset fold compounding; boundary gaps omitted,-0.8101400646655404,0.9890726461799396,-0.9877244749228112,0.080338259468633,-1.0902053886331724,0.1991560773247163
1,NASDAQ_recent,stockmixer_huber,StockMixer / Huber,0.2509896981674861,0.3797302296093651,0.06289033575640013,0.27229366588290893,0.2296132814988923,-0.25780344445130254,0.4984924623115578,995,0.5241534575238782,0.6529140580274067,0.13166051707184168,0.629647158058648,0.22957749319809295,-0.2351278554580568,0.5045226130653266,995,0.0042570151689928,0.0031219259264409,0.5148550797810988,0.5319220867662112,0.5794603960638531,0.0226079132148688,0.015727302203642,0.4966830056683651,-0.24569330750087898,1.0,0.3960402957085664,-0.4311024987939629,0.5786233119061651,75.31547873239249,0.4984924623115578,-0.7260118208153163,0.2392636239865901,0.159,0.4987855459578331,-0.24779584779034236,1.0,-0.8363354481347369,0.3379698536607468,2022-01-05,2025-12-31,annual-reset fold compounding; boundary gaps omitted,-0.6085989567499078,1.120861873090736,-0.7260118208153166,0.2392636239865902,-0.8363354481347351,0.3379698536607532
1,NASDAQ_recent,multiscale_mse,Multi-scale mixer / MSE,0.16148878957132343,0.2850330411222628,0.04050810755536727,0.1697477729038741,0.23927083223368636,-0.27080695569504476,0.4934673366834171,995,0.4229042683166109,0.5464106786314259,0.10766995568963833,0.4974436654751935,0.23934414263139883,-0.25936142245455474,0.5025125628140703,995,0.0036481810673739,0.0019614386163977,0.518689713096216,0.5366790791530828,0.5799563235059119,0.0196430024491516,0.0100730603704611,0.4966830056683651,-0.3351942160970417,1.0,0.3666914868875817,-0.5054927569297138,0.5281372907102692,73.64229619673928,0.4934673366834171,-0.8341803092075193,0.1556344685770274,0.101,0.4987855459578331,-0.337296756386505,1.0,-0.9272583098313556,0.2566784114866988,2022-01-05,2025-12-31,annual-reset fold compounding; boundary gaps omitted,-0.6887180295528802,0.9874921229827356,-0.8341803092075193,0.1556344685770274,-0.9272583098313528,0.2566784114867029
1,NASDAQ_recent,multiscale_huber,Multi-scale mixer / Huber,0.08752535857045203,0.22067799528814724,0.02471729363472175,0.10120766945634596,0.2220048856332767,-0.2595359168207947,0.4914572864321608,995,0.4162263500638791,0.5494191443451,0.10226427256416226,0.46879612151735084,0.22193795126684981,-0.23333087901845984,0.4994974874371859,995,0.0052423266691081,0.0036431307640502,0.5177810555140332,0.5364336874915605,0.5808159813126997,0.0301476905524163,0.020168556404815,0.4966830056683651,-0.4091576470979131,1.0,0.2437693746899785,-0.6191521240921315,0.5686160780036025,87.10008370438038,0.4914572864321608,-0.9074079312380549,0.1166923411729949,0.057,0.4987855459578331,-0.41126018738737646,1.0,-1.0197812694293034,0.2244480629181877,2022-01-05,2025-12-31,annual-reset fold compounding; boundary gaps omitted,-0.7429282390352411,0.9699724222319388,-0.907407931238055,0.1166923411729948,-1.0197812694292991,0.2244480629181932
1,NASDAQ_recent,ridge,Ridge regression,-0.8423366267129391,-0.7024276186596129,-0.15693447173778685,-0.4903524488478347,0.2112840073529376,-0.6034183969823281,0.46331658291457284,995,0.01719895668733578,0.1571799287624328,0.011048971762073645,0.044341611937065206,0.21117538654055437,-0.3014237582069176,0.4964824120603015,995,0.00183137471227,-0.0005205959952374,0.5089080030912112,0.5298026011853019,0.575634205448999,0.009003299958088,-0.0027302297839497,0.4966830056683651,-1.3390196323813042,0.0,-0.8611726211596697,-2.008574045928376,0.9767667318737048,211.97308007396185,0.4633165829145728,-1.9093309186170164,-0.7695786437379863,0.0,0.4987855459578331,-1.3411221726707676,0.0,-1.9885017154006823,-0.6529881094145189,2022-01-05,2025-12-31,annual-reset fold compounding; boundary gaps omitted,-1.7052521324511123,0.0293468245030061,-1.9093309186170169,-0.7695786437379865,-1.9885017154006783,-0.6529881094145116
1,NASDAQ_recent,momentum126,126-session momentum,-0.004014658391692042,0.13035642542723594,0.0045008523802283484,0.017889483099534198,0.21999179470871513,-0.3370833959442997,0.5035175879396985,995,0.08029342969228992,0.21476715086893194,0.02333032078682873,0.0953342775204511,0.2198238854969368,-0.28933215128965495,0.5045226130653266,995,0.0053136992425669,0.0128810921689612,0.5166876802762913,0.536846606696292,0.5828189474092688,0.0216132967355387,0.0561532443323598,0.4966830056683651,-0.5006976640600571,1.0,0.1011479419670948,-0.9114574781588284,0.8387697234693702,21.5922512290144,0.5035175879396985,-1.054485431047777,0.0508574060018118,0.041,0.4987855459578331,-0.5028002043495206,1.0,-1.122352573519014,0.1417975110257697,2022-01-05,2025-12-31,annual-reset fold compounding; boundary gaps omitted,-0.8075780496333317,0.8255545444180293,-1.054485431047777,0.0508574060018118,-1.1223525735190116,0.1417975110257748
1,NASDAQ_recent,reversal5,5-session reversal,-0.09163800697093741,0.03789860129544767,-0.01712583412894042,-0.06593157301160901,0.22820217606355342,-0.28183495282999615,0.5015075376884423,995,0.1709771490651165,0.30050753310029094,0.043579718181074645,0.18344160428578116,0.22821314170005,-0.246297138751708,0.5035175879396985,995,0.0080246348385793,0.005320528229848,0.5136616138238781,0.5357247550705432,0.5784511330864612,0.0355455768149384,0.0249605605865307,0.4966830056683651,-0.5883210126393025,1.0,-0.0603726210737206,-0.7635653436324902,0.6844128647475972,70.22831624646184,0.5015075376884423,-1.1892295800794712,-0.0021689737275482,0.025,0.4987855459578331,-0.5904235529287659,1.0,-1.2501844938355933,0.0791661012419772,2022-01-05,2025-12-31,annual-reset fold compounding; boundary gaps omitted,-0.8400667139104595,0.6963780285936306,-1.1892295800794712,-0.0021689737275482,-1.2501844938355902,0.0791661012419832
1,NASDAQ_recent,buy_hold,Equal-weight buy-and-hold,0.25094623665810845,0.39939858027950537,0.06156768165034254,0.266053862083959,0.19912475051030784,-0.24487027196754663,0.4964824120603015,995,0.2591859803869178,0.4076807654668843,0.06330686108448225,0.2742634278618721,0.1990678384453865,-0.24424348007170604,0.4964824120603015,995,,,,,,,,0.4966830056683651,-0.24573676901025665,1.0,0.5469789811459829,-0.703460682831723,0.7022947576133233,1.9934312168299937,0.4964824120603015,-0.6836683794759182,0.1861185768459503,0.126,0.4987855459578331,-0.24783930929972003,1.0,-0.7839020457904557,0.3003494800657801,2022-01-05,2025-12-31,annual-reset fold compounding; boundary gaps omitted,-0.5761907575759859,1.0866106544634762,-0.6836683794759184,0.1861185768459504,-0.7839020457904528,0.300349480065786
1,NASDAQ_recent,equal_universe,Equal-weight rebalanced universe,0.2553399021444292,0.3984421280185287,0.06293183326918883,0.2724898069394768,0.20656936470218396,-0.23619424149104384,0.4984924623115578,995,0.28069049242916255,0.4238242698668958,0.06850804034937052,0.2990522195205241,0.2065238297727503,-0.23350121131524093,0.4994974874371859,995,,,,,,,,0.4966830056683651,-0.2413431035239359,1.0,0.5289359999078522,-0.5951849288987101,0.6345955458542929,6.585377040091473,0.4984924623115578,-0.6840891884039871,0.1968076372196461,0.137,0.4987855459578331,-0.24344564381339928,1.0,-0.7800450194316457,0.3164029385517152,2022-01-05,2025-12-31,annual-reset fold compounding; boundary gaps omitted,-0.569719544817457,1.089662683190221,-0.6840891884039874,0.1968076372196461,-0.7800450194316421,0.3164029385517205
1,NASDAQ_recent,market_proxy,SPY,0.4966830056683651,0.6603845663444291,0.10847106508240723,0.5017243921320995,0.18057577315818116,-0.2452396161680961,0.5396984924623116,995,0.5046323784541116,0.6683790227273276,0.1100448668104197,0.5101606010764816,0.18052605607574188,-0.244710913807762,0.5396984924623116,995,,,,,,,,0.4966830056683651,0.0,0.0,1.1698523137503614,-0.8624026980622194,1.1892730526599156,2.0261306532663315,0.5396984924623116,0.0,0.0,0.0,0.4987855459578331,-0.0021025402894633838,0.0,-0.2642559517219656,0.2634613759362279,2022-01-05,2025-12-31,annual-reset fold compounding; boundary gaps omitted,-0.3410934311078216,1.3598903315262123,0.0,0.0,-0.2642559517219603,0.263461375936232
1,NASDAQ_recent,qqq,QQQ,0.4987855459578285,0.6234284621596392,0.12725692058489835,0.6047519772786927,0.23716178012410574,-0.34017777329023535,0.5437185929648242,995,0.5048274419568045,0.629496970572316,0.12885739437750687,0.6137669623552835,0.2371111547028278,-0.339715574192171,0.5437185929648242,995,,,,,,,,,0.0021025402894633838,,,,,2.0261306532663315,0.5437185929648242,,,,,0.0,,,,2022-01-05,2025-12-31,annual-reset fold compounding; boundary gaps omitted,-0.3326956013333163,1.3994829028155145,-0.263461375936232,0.2642559517219601,0.0,0.0
1,NYSE_recent,think,THINK reconstruction,-0.2622532974575688,-0.1149988570123436,-0.04230005457062691,-0.15688625005376766,0.20074461453864878,-0.3690619323926242,0.5025125628140703,995,0.3144053712706886,0.46181154372189787,0.07521143701284405,0.33152957533816996,0.20053797880184127,-0.20549347737054513,0.5135678391959799,995,0.0023343963054458,-0.0036973349581537,0.5187090542703074,0.534294650838222,0.5729839268896704,0.013466098507647,-0.0205515364881579,0.4966830056683651,-0.758936303125934,1.0,-0.4212790021576096,-0.6484031996581165,0.4683924722770128,134.81826052995672,0.5025125628140703,-1.296603352962755,-0.1996751910613458,0.003,0.4987855459578331,-0.7610388434153973,1.0,-1.427844730738494,-0.0704399093673694,2022-01-05,2025-12-31,annual-reset fold compounding; boundary gaps omitted,-1.077736773069104,0.6060731569589786,-1.2966033529627552,-0.1996751910613459,-1.42784473073849,-0.0704399093673646
1,NYSE_recent,think_huber,THINK / Huber,-0.5969208406304638,-0.436478928313168,-0.09276962673439781,-0.3191498112279765,0.18424447489644202,-0.42252491477014953,0.4894472361809045,995,0.09999096418653487,0.2605502361056944,0.0315670351583206,0.13055976127217894,0.18410980277217923,-0.18876646310460943,0.5206030150753769,995,0.0039748461566311,-0.0020399987446632,0.5145578034392501,0.5323287593736938,0.5722799102742782,0.0238013056825366,-0.0119623586609831,0.4966830056683651,-1.093603846298829,1.0,-0.5528003957844527,-1.3127155240663193,0.5453317153945842,149.46260043690057,0.4894472361809045,-1.711662693823809,-0.5130341716390203,0.0,0.4987855459578331,-1.0957063865882923,1.0,-1.8173546103484288,-0.3566780812860267,2022-01-05,2025-12-31,annual-reset fold compounding; boundary gaps omitted,-1.434509302130959,0.3050479467456732,-1.711662693823809,-0.5130341716390204,-1.8173546103484268,-0.3566780812860208
1,NYSE_recent,think_mix,THINK + stock mixer residual,-0.2289069159702941,-0.1120892034224076,-0.058615384799235115,-0.21218967095262353,0.2530484054304997,-0.389887029433316,0.49748743718592964,995,-0.20302301429784142,-0.08618903361892924,-0.05241198082775589,-0.1914918946646862,0.25301317060762146,-0.3852688983974779,0.49748743718592964,995,0.0005411137570079,0.0066151333414645,0.5105101788133104,0.5322350100587817,0.5724403579777281,0.0032826844931169,0.0404211444305235,0.4966830056683651,-0.7255899216386592,0.0,-0.0002576937503705,-1.013222641837976,0.787159815659513,8.355392197279343,0.4974874371859296,-1.3861680019317075,-0.0805849790230056,0.008,0.4987855459578331,-0.7276924619281226,0.0,-1.4608040268134863,0.0182176939977042,2022-01-05,2025-12-31,annual-reset fold compounding; boundary gaps omitted,-1.018354188473243,0.6127589988761473,-1.3861680019317082,-0.0805849790230056,-1.4608040268134832,0.0182176939977081
1,NYSE_recent,think_mix_huber,THINK+mixer / Huber,-0.17951774217940916,-0.04559165622077763,-0.03380707347797929,-0.12697650781823133,0.22072276416270478,-0.3585862854017666,0.4994974874371859,995,-0.0917131563460081,0.04220679372583487,-0.014899101826072125,-0.05754814737624403,0.2207328771435701,-0.3539026759969808,0.5005025125628141,995,0.0010173292904589,0.0058894172996012,0.512022531093734,0.5310148411072855,0.570171938965874,0.0062497409711543,0.0375725421029799,0.4966830056683651,-0.6762007478477743,0.0,0.0745634818295985,-1.1401104466436525,0.8925074448515643,23.241313432058355,0.4994974874371859,-1.2583803983638495,-0.0792648676570046,0.017,0.4987855459578331,-0.6783032881372376,0.0,-1.384549824366916,0.0626136116328355,2022-01-05,2025-12-31,annual-reset fold compounding; boundary gaps omitted,-1.0155830994686526,0.7452690888217054,-1.2583803983638495,-0.0792648676570046,-1.384549824366913,0.0626136116328391
1,NYSE_recent,stockmixer,StockMixer-inspired MLP,-0.21727293247176122,-0.09458869986161172,-0.05048657852579186,-0.18498596275915924,0.24094812558525674,-0.3295297908161896,0.4824120603015075,995,0.13239010782087168,0.2550908092526599,0.03299402467381163,0.13674739988806328,0.24091578565844174,-0.2404290535664898,0.49447236180904525,995,-0.0040948229535102,-0.0041409391761827,0.5126415761062726,0.5305121321376097,0.5705428770539257,-0.0215972538334494,-0.0216585413714749,0.4966830056683651,-0.7139559381401264,1.0,-0.199135036927876,-0.4251755297703931,0.2132973427591327,97.99067148520614,0.4824120603015075,-1.3487996346757356,-0.0802945375786804,0.014,0.4987855459578331,-0.7160584784295897,1.0,-1.4542373508502893,0.0404052785329998,2022-01-05,2025-12-31,annual-reset fold compounding; boundary gaps omitted,-0.9648666739670492,0.6460682024532303,-1.3487996346757358,-0.0802945375786804,-1.4542373508502862,0.0404052785330053
1,NYSE_recent,stockmixer_huber,StockMixer / Huber,-0.4818466288381905,-0.3403682793472699,-0.0887281458009418,-0.30709534340041567,0.2089403501853703,-0.40067681570353486,0.4914572864321608,995,-0.04727321636572436,0.09421213806625922,-0.0020844333798961667,-0.008204946979546879,0.20893000554691213,-0.2344841259340842,0.5035175879396985,995,-0.0023017155831052,-0.0016378553126122,0.5120573909753153,0.5311275938593473,0.5715008874815983,-0.0124730011320704,-0.0088051383161646,0.4966830056683651,-0.9785296345065556,1.0,-0.4069217297435625,-0.8173137835847855,0.2522330618942563,106.26032106179431,0.4914572864321608,-1.6242604697664478,-0.3106647737726702,0.0,0.4987855459578331,-0.9806321747960189,1.0,-1.709592886074508,-0.198856955358618,2022-01-05,2025-12-31,annual-reset fold compounding; boundary gaps omitted,-1.2974675165238092,0.3763125940027659,-1.6242604697664478,-0.3106647737726703,-1.709592886074504,-0.1988569553586139
1,NYSE_recent,multiscale_mse,Multi-scale mixer / MSE,-0.3965692671980356,-0.26729138285797166,-0.08350977590469144,-0.29129569630076924,0.2286588772486601,-0.4434653428893428,0.48542713567839196,995,-0.1757437111465148,-0.04650715199427731,-0.03605673212210536,-0.13497503859403925,0.22873199410593698,-0.3516700439067131,0.49246231155778897,995,-0.0065700138608935,-0.0086327097748765,0.5145669137585757,0.5304616581843477,0.5701221467713287,-0.0328602165235893,-0.0417246856466783,0.4966830056683651,-0.8932522728664007,1.0,-0.3774691281436406,-0.7944530710253426,0.3575052837995552,60.108512641872686,0.4854271356783919,-1.522940392224428,-0.2911381544667082,0.003,0.4987855459578331,-0.8953548131558641,1.0,-1.617883856541395,-0.164270940643785,2022-01-05,2025-12-31,annual-reset fold compounding; boundary gaps omitted,-1.1954205573365388,0.4266473151258891,-1.5229403922244285,-0.2911381544667082,-1.6178838565413922,-0.164270940643778
1,NYSE_recent,multiscale_huber,Multi-scale mixer / Huber,-0.328617924674112,-0.1916314952458542,-0.06254976980578997,-0.22511010793397723,0.21579171024209035,-0.40928288532892343,0.4914572864321608,995,0.09986551077223328,0.23684101366065413,0.028276087960951157,0.11638563051782147,0.21580892395307305,-0.24627937169264802,0.49748743718592964,995,0.0001925347040114,0.0012830030421764,0.5158069840289721,0.5309103031675271,0.5735180641219937,0.0010976064733884,0.0071590308557673,0.4966830056683651,-0.8253009303424771,0.0,-0.2552479015241123,-0.9602840890124636,0.5860957264497187,107.10029327678684,0.4914572864321608,-1.449542522902166,-0.2179373365621473,0.005,0.4987855459578331,-0.8274034706319404,0.0,-1.5272792091064538,-0.1031392464437293,2022-01-05,2025-12-31,annual-reset fold compounding; boundary gaps omitted,-1.1794834921853996,0.5789446829856981,-1.449542522902166,-0.2179373365621474,-1.527279209106449,-0.1031392464437256
1,NYSE_recent,ridge,Ridge regression,-0.9389485314557973,-0.7958060924763763,-0.16947687128528732,-0.5196394294886097,0.20651133302633584,-0.5819716316899426,0.4824120603015075,995,-0.06592959124139548,0.07710991000370908,-0.005353531385328014,-0.020971705461926504,0.20665994797917997,-0.25638585932903457,0.5045226130653266,995,0.0012944313849941,-0.002086684253423,0.5094068191398589,0.5288530363759545,0.5702298257379601,0.0068518818148325,-0.0114409107534406,0.4966830056683651,-1.4356315371241624,0.0,-0.9294363609910046,-1.3661529794390808,0.4777243478060101,212.248074980888,0.4824120603015075,-2.0650344474683697,-0.7977253103555321,0.0,0.4987855459578331,-1.4377340774136258,0.0,-2.16699435378083,-0.6872670429086865,2022-01-05,2025-12-31,annual-reset fold compounding; boundary gaps omitted,-1.7966690538413992,-0.0310320663861896,-2.06503444746837,-0.7977253103555322,-2.166994353780828,-0.6872670429086812
1,NYSE_recent,momentum126,126-session momentum,0.07927635894647446,0.22018869448935113,0.024474178404927827,0.100176457435734,0.2097796177488415,-0.27369852352569224,0.5065326633165829,995,0.16329329981675747,0.3042641340861204,0.0426937108525407,0.17947939466551333,0.2096925654124863,-0.24392160006541952,0.507537688442211,995,0.0037046505334085,0.0074651592256521,0.5137156734538088,0.5336731750374525,0.5757116467780831,0.0164911862550938,0.0340251389476875,0.4966830056683651,-0.41740664672189065,1.0,0.3016920638838433,-0.7724730791216485,0.6537404910863057,20.67109836932392,0.5065326633165829,-0.9795124726229036,0.1233329054541493,0.069,0.4987855459578331,-0.41950918701135403,1.0,-1.0916530936297235,0.247557948277403,2022-01-05,2025-12-31,annual-reset fold compounding; boundary gaps omitted,-0.8225288301884344,0.8789773272091724,-0.9795124726229036,0.1233329054541494,-1.0916530936297182,0.2475579482774071
1,NYSE_recent,reversal5,5-session reversal,-0.22590402837259696,-0.08729112340040933,-0.04045263150597955,-0.15044633057469325,0.21325962320905414,-0.34081769948168417,0.5055276381909548,995,0.20289961435927867,0.3415857165878294,0.05143920705430283,0.21902575995882545,0.2131470667303509,-0.21583378320882618,0.5185929648241207,995,0.011740118392392,0.0143853359291949,0.5167646778072265,0.534033450012942,0.5764869405242026,0.056590555903539,0.0730615136565922,0.4966830056683651,-0.722587034040962,1.0,-0.2380266586023669,-0.8573832681039009,0.5626278373486705,106.18104706047852,0.5055276381909548,-1.3576265537325016,-0.0682684432569898,0.016,0.4987855459578331,-0.7246895743304255,1.0,-1.497493886499467,0.0590754771110324,2022-01-05,2025-12-31,annual-reset fold compounding; boundary gaps omitted,-1.0188060857597976,0.6418472747731722,-1.357626553732502,-0.0682684432569898,-1.4974938864994631,0.0590754771110364
1,NYSE_recent,buy_hold,Equal-weight buy-and-hold,0.13862833228303476,0.3065291285602876,0.039238519343888,0.1641224053981012,0.17605953361572005,-0.20341359060457898,0.5085427135678392,995,0.14786368024844312,0.3158133300147671,0.040930885862096034,0.1716255417341792,0.17600832110939252,-0.20276925817164115,0.5085427135678392,995,,,,,,,,0.4966830056683651,-0.35805467338533037,1.0,0.3899276672657665,-0.584038106579981,0.5606509248102725,1.9984111323874725,0.5085427135678392,-0.8121912020926912,0.1158316542554238,0.063,0.4987855459578331,-0.3601572136747937,1.0,-0.9926999489314392,0.297971070718163,2022-01-05,2025-12-31,annual-reset fold compounding; boundary gaps omitted,-0.7389868789176632,1.0211434172604434,-0.8121912020926914,0.1158316542554239,-0.9926999489314368,0.2979710707181663
1,NYSE_recent,equal_universe,Equal-weight rebalanced universe,0.08563730493882789,0.2469509744166565,0.028903852860701518,0.11907911772618984,0.18324879709183006,-0.2096400942732305,0.5045226130653266,995,0.1129756813391796,0.27432862128013336,0.034074103827610225,0.14144757074445402,0.18320419756280037,-0.2070316274360311,0.5045226130653266,995,,,,,,,,0.4966830056683651,-0.4110457007295372,1.0,0.305072866924145,-0.5907576138852438,0.5256168355013513,6.35197314608419,0.5045226130653266,-0.8715651015539556,0.0764969586913367,0.049,0.4987855459578331,-0.4131482410190006,1.0,-1.021506490755297,0.2334097411638518,2022-01-05,2025-12-31,annual-reset fold compounding; boundary gaps omitted,-0.7839846806826894,0.9828934052084782,-0.8715651015539558,0.0764969586913367,-1.0215064907552942,0.233409741163856
1,NYSE_recent,market_proxy,SPY,0.4966830056683651,0.6603845663444291,0.10847106508240723,0.5017243921320995,0.18057577315818116,-0.2452396161680961,0.5396984924623116,995,0.5046323784541116,0.6683790227273276,0.1100448668104197,0.5101606010764816,0.18052605607574188,-0.244710913807762,0.5396984924623116,995,,,,,,,,0.4966830056683651,0.0,0.0,1.1698523137503614,-0.8624026980622194,1.1892730526599156,2.0261306532663315,0.5396984924623116,0.0,0.0,0.0,0.4987855459578331,-0.0021025402894633838,0.0,-0.2642559517219656,0.2634613759362279,2022-01-05,2025-12-31,annual-reset fold compounding; boundary gaps omitted,-0.3410934311078216,1.3598903315262123,0.0,0.0,-0.2642559517219603,0.263461375936232
1,NYSE_recent,qqq,QQQ,0.4987855459578285,0.6234284621596392,0.12725692058489835,0.6047519772786927,0.23716178012410574,-0.34017777329023535,0.5437185929648242,995,0.5048274419568045,0.629496970572316,0.12885739437750687,0.6137669623552835,0.2371111547028278,-0.339715574192171,0.5437185929648242,995,,,,,,,,,0.0021025402894633838,,,,,2.0261306532663315,0.5437185929648242,,,,,0.0,,,,2022-01-05,2025-12-31,annual-reset fold compounding; boundary gaps omitted,-0.3326956013333163,1.3994829028155145,-0.263461375936232,0.2642559517219601,0.0,0.0
