horizon,dataset,year,symbol,start,end,turnover_annual,net_sharpe,net_sharpe_rf0,net_annualized_return,net_cumulative_return,net_annualized_volatility,net_maximum_drawdown,net_profitable_days,net_days,gross_sharpe,gross_sharpe_rf0,gross_annualized_return,gross_cumulative_return,gross_annualized_volatility,gross_maximum_drawdown,gross_profitable_days,gross_days
5,NYSE_recent,2022,SPY,2022-01-07,2022-12-28,2.057142857142857,-0.8525728255576697,-0.7313635627343519,-0.18786151052589473,-0.18315365792500315,0.24388017217273605,-0.23423991332087069,0.43673469387755104,245,-0.8468762304626086,-0.7256441230939437,-0.18669077857241367,-0.18200887116028086,0.2438342162640794,-0.23423991332087024,0.43673469387755104,245
5,NYSE_recent,2022,QQQ,2022-01-07,2022-12-28,2.057142857142857,-1.1531051648735915,-1.0614848131468742,-0.32608323972678155,-0.3186548094589102,0.3226415892230311,-0.3241693798187858,0.4448979591836735,245,-1.1488691752287745,-1.0572349826764722,-0.3251117602371818,-0.31769992367909816,0.32259285603906906,-0.324169379818786,0.4448979591836735,245
5,NYSE_recent,2023,SPY,2023-01-06,2023-12-27,2.057142857142857,1.7375089881290413,1.9631346658753186,0.2821495267278664,0.2733282658355829,0.13101583198133543,-0.09974332015377663,0.563265306122449,245,1.7469827519801924,1.9723951134941915,0.28399779945417714,0.2751127989488409,0.13113981721204457,-0.09974332015377596,0.563265306122449,245
5,NYSE_recent,2023,QQQ,2023-01-06,2023-12-27,2.057142857142857,2.5594828266150547,2.7245067736138835,0.6026449002984311,0.5817847375387581,0.17912876539361247,-0.10779944886746062,0.5755102040816327,245,2.5661527535479767,2.731081058901138,0.6049551806498503,0.584001563566986,0.17923264186206936,-0.10779944886746085,0.5755102040816327,245
5,NYSE_recent,2024,SPY,2024-01-05,2024-12-24,2.057142857142857,1.9869688502840344,2.222390920155777,0.3113266536718171,0.3014909175838014,0.12556399619791656,-0.08405621933301899,0.6,245,1.9976234038349905,2.232941187482629,0.31321698645963947,0.3033149198472771,0.1256196426299199,-0.08405621933301921,0.6,245
5,NYSE_recent,2024,QQQ,2024-01-05,2024-12-24,2.057142857142857,1.6159126996288322,1.7804107167759118,0.3547806171407244,0.343401866889788,0.17970147238827056,-0.1355773322317536,0.6040816326530613,245,1.6235614232113373,1.7880165278788982,0.3567335906532476,0.3452846061489394,0.17974836321460827,-0.13557733223175372,0.6040816326530613,245
5,NYSE_recent,2025,SPY,2025-01-13,2025-12-24,2.1,0.9256907430790456,1.075657041065774,0.2126720200743477,0.2015879884816203,0.1971145269512299,-0.18755225912218976,0.5833333333333334,240,0.9331196151955117,1.083078260377015,0.2144565839470869,0.20327197964986055,0.19712458625177876,-0.18755225912218942,0.5833333333333334,240
5,NYSE_recent,2025,QQQ,2025-01-13,2025-12-24,2.1,0.9221654163998041,1.0461557026878314,0.24776169769396716,0.23467868982954143,0.23841009462315887,-0.22768307643968844,0.5833333333333334,240,0.9283659875866963,1.0523610305053075,0.24959789941267907,0.2364090566684418,0.23840094886441837,-0.227683076439688,0.5833333333333334,240
5,NASDAQ_recent,2022,SPY,2022-01-07,2022-12-28,2.057142857142857,-0.8525728255576697,-0.7313635627343519,-0.18786151052589473,-0.18315365792500315,0.24388017217273605,-0.23423991332087069,0.43673469387755104,245,-0.8468762304626086,-0.7256441230939437,-0.18669077857241367,-0.18200887116028086,0.2438342162640794,-0.23423991332087024,0.43673469387755104,245
5,NASDAQ_recent,2022,QQQ,2022-01-07,2022-12-28,2.057142857142857,-1.1531051648735915,-1.0614848131468742,-0.32608323972678155,-0.3186548094589102,0.3226415892230311,-0.3241693798187858,0.4448979591836735,245,-1.1488691752287745,-1.0572349826764722,-0.3251117602371818,-0.31769992367909816,0.32259285603906906,-0.324169379818786,0.4448979591836735,245
5,NASDAQ_recent,2023,SPY,2023-01-06,2023-12-27,2.057142857142857,1.7375089881290413,1.9631346658753186,0.2821495267278664,0.2733282658355829,0.13101583198133543,-0.09974332015377663,0.563265306122449,245,1.7469827519801924,1.9723951134941915,0.28399779945417714,0.2751127989488409,0.13113981721204457,-0.09974332015377596,0.563265306122449,245
5,NASDAQ_recent,2023,QQQ,2023-01-06,2023-12-27,2.057142857142857,2.5594828266150547,2.7245067736138835,0.6026449002984311,0.5817847375387581,0.17912876539361247,-0.10779944886746062,0.5755102040816327,245,2.5661527535479767,2.731081058901138,0.6049551806498503,0.584001563566986,0.17923264186206936,-0.10779944886746085,0.5755102040816327,245
5,NASDAQ_recent,2024,SPY,2024-01-05,2024-12-24,2.057142857142857,1.9869688502840344,2.222390920155777,0.3113266536718171,0.3014909175838014,0.12556399619791656,-0.08405621933301899,0.6,245,1.9976234038349905,2.232941187482629,0.31321698645963947,0.3033149198472771,0.1256196426299199,-0.08405621933301921,0.6,245
5,NASDAQ_recent,2024,QQQ,2024-01-05,2024-12-24,2.057142857142857,1.6159126996288322,1.7804107167759118,0.3547806171407244,0.343401866889788,0.17970147238827056,-0.1355773322317536,0.6040816326530613,245,1.6235614232113373,1.7880165278788982,0.3567335906532476,0.3452846061489394,0.17974836321460827,-0.13557733223175372,0.6040816326530613,245
5,NASDAQ_recent,2025,SPY,2025-01-13,2025-12-24,2.1,0.9256907430790456,1.075657041065774,0.2126720200743477,0.2015879884816203,0.1971145269512299,-0.18755225912218976,0.5833333333333334,240,0.9331196151955117,1.083078260377015,0.2144565839470869,0.20327197964986055,0.19712458625177876,-0.18755225912218942,0.5833333333333334,240
5,NASDAQ_recent,2025,QQQ,2025-01-13,2025-12-24,2.1,0.9221654163998041,1.0461557026878314,0.24776169769396716,0.23467868982954143,0.23841009462315887,-0.22768307643968844,0.5833333333333334,240,0.9283659875866963,1.0523610305053075,0.24959789941267907,0.2364090566684418,0.23840094886441837,-0.227683076439688,0.5833333333333334,240
1,NYSE_recent,2022,SPY,2022-01-05,2022-12-30,2.0240963855421685,-0.8624026980622194,-0.7409431734271428,-0.18935883135017717,-0.18733037243329942,0.2433776681993064,-0.2452396161680993,0.43373493975903615,249,-0.856857959976329,-0.7353681808492311,-0.1882090434196907,-0.18619143921439418,0.24331706007429704,-0.24471091380776433,0.43373493975903615,249
1,NYSE_recent,2022,QQQ,2022-01-05,2022-12-30,2.0240963855421685,-1.1606982188338943,-1.0690251970097546,-0.3275545769761373,-0.32437028236244525,0.3224562177407914,-0.34017777329023935,0.44176706827309237,249,-1.1565975222565887,-1.0649067049687047,-0.3266008015435483,-0.32342340665429214,0.32239363505147023,-0.3397155741921738,0.44176706827309237,249
1,NYSE_recent,2023,SPY,2023-01-05,2023-12-29,2.032258064516129,1.6049788722064346,1.8304708124428164,0.26024375233422137,0.25562523791527925,0.13109353644876628,-0.09974332015377618,0.5604838709677419,248,1.6168791510430447,1.8425282713848437,0.2620384551757735,0.25738496074168893,0.13100222079972973,-0.09974332015377507,0.5604838709677419,248
1,NYSE_recent,2023,QQQ,2023-01-05,2023-12-29,2.032258064516129,2.4090920190020664,2.5740117184317755,0.5605154492100497,0.5495312005295192,0.17924199467074725,-0.10779944886746085,0.5685483870967742,248,2.418241728154652,2.5832496110700323,0.5627377665242916,0.5517028241489419,0.17914620419341123,-0.10779944886746107,0.5685483870967742,248
1,NYSE_recent,2024,SPY,2024-01-04,2024-12-31,2.016,1.7095712273412922,1.9446610521117609,0.26683778032747196,0.2644619366738561,0.12574145186905794,-0.08405621933301921,0.592,250,1.7214863927523294,1.9566760356268393,0.2686274307340315,0.2662340438806061,0.1256880852617042,-0.08405621933301899,0.592,250
1,NYSE_recent,2024,QQQ,2024-01-04,2024-12-31,2.016,1.3518777147188001,1.5164924262766644,0.2918765666235472,0.2892534852604405,0.1795740830605545,-0.13557733223175383,0.592,250,1.36017241169317,1.5248464107271005,0.29370158909965793,0.29106033711283263,0.17950943111662873,-0.13557733223175383,0.592,250
1,NYSE_recent,2025,SPY,2025-01-06,2025-12-31,2.032258064516129,0.7347257552942883,0.8861015695880087,0.1667383691465285,0.16388590588446195,0.19527912053984872,-0.18755225912218976,0.5725806451612904,248,0.74205515474697,0.8934412808220976,0.16839991173507496,0.16551705866323174,0.19526581895365577,-0.18755225912218998,0.5725806451612904,248
1,NYSE_recent,2025,QQQ,2025-01-06,2025-12-31,2.032258064516129,0.7354768964622768,0.8605295167774966,0.19226502151328329,0.18894163633056738,0.23638477795801482,-0.22768307643968788,0.5725806451612904,248,0.7414942312279751,0.8665450895781927,0.1939629163991159,0.19060790399829197,0.23638810861652698,-0.2276830764396881,0.5725806451612904,248
1,NASDAQ_recent,2022,SPY,2022-01-05,2022-12-30,2.0240963855421685,-0.8624026980622194,-0.7409431734271428,-0.18935883135017717,-0.18733037243329942,0.2433776681993064,-0.2452396161680993,0.43373493975903615,249,-0.856857959976329,-0.7353681808492311,-0.1882090434196907,-0.18619143921439418,0.24331706007429704,-0.24471091380776433,0.43373493975903615,249
1,NASDAQ_recent,2022,QQQ,2022-01-05,2022-12-30,2.0240963855421685,-1.1606982188338943,-1.0690251970097546,-0.3275545769761373,-0.32437028236244525,0.3224562177407914,-0.34017777329023935,0.44176706827309237,249,-1.1565975222565887,-1.0649067049687047,-0.3266008015435483,-0.32342340665429214,0.32239363505147023,-0.3397155741921738,0.44176706827309237,249
1,NASDAQ_recent,2023,SPY,2023-01-05,2023-12-29,2.032258064516129,1.6049788722064346,1.8304708124428164,0.26024375233422137,0.25562523791527925,0.13109353644876628,-0.09974332015377618,0.5604838709677419,248,1.6168791510430447,1.8425282713848437,0.2620384551757735,0.25738496074168893,0.13100222079972973,-0.09974332015377507,0.5604838709677419,248
1,NASDAQ_recent,2023,QQQ,2023-01-05,2023-12-29,2.032258064516129,2.4090920190020664,2.5740117184317755,0.5605154492100497,0.5495312005295192,0.17924199467074725,-0.10779944886746085,0.5685483870967742,248,2.418241728154652,2.5832496110700323,0.5627377665242916,0.5517028241489419,0.17914620419341123,-0.10779944886746107,0.5685483870967742,248
1,NASDAQ_recent,2024,SPY,2024-01-04,2024-12-31,2.016,1.7095712273412922,1.9446610521117609,0.26683778032747196,0.2644619366738561,0.12574145186905794,-0.08405621933301921,0.592,250,1.7214863927523294,1.9566760356268393,0.2686274307340315,0.2662340438806061,0.1256880852617042,-0.08405621933301899,0.592,250
1,NASDAQ_recent,2024,QQQ,2024-01-04,2024-12-31,2.016,1.3518777147188001,1.5164924262766644,0.2918765666235472,0.2892534852604405,0.1795740830605545,-0.13557733223175383,0.592,250,1.36017241169317,1.5248464107271005,0.29370158909965793,0.29106033711283263,0.17950943111662873,-0.13557733223175383,0.592,250
1,NASDAQ_recent,2025,SPY,2025-01-06,2025-12-31,2.032258064516129,0.7347257552942883,0.8861015695880087,0.1667383691465285,0.16388590588446195,0.19527912053984872,-0.18755225912218976,0.5725806451612904,248,0.74205515474697,0.8934412808220976,0.16839991173507496,0.16551705866323174,0.19526581895365577,-0.18755225912218998,0.5725806451612904,248
1,NASDAQ_recent,2025,QQQ,2025-01-06,2025-12-31,2.032258064516129,0.7354768964622768,0.8605295167774966,0.19226502151328329,0.18894163633056738,0.23638477795801482,-0.22768307643968788,0.5725806451612904,248,0.7414942312279751,0.8665450895781927,0.1939629163991159,0.19060790399829197,0.23638810861652698,-0.2276830764396881,0.5725806451612904,248
