horizon,dataset,year,models,max_stale_position_marks,max_terminal_liquidation_over_cap,max_constrained_orders,max_unobserved_labels,eligible_min,eligible_max
1,NASDAQ_recent,2022,13,0.0,6.0,984.0,0.0,52,58
1,NASDAQ_recent,2023,13,0.0,9.0,1040.0,0.0,50,57
1,NASDAQ_recent,2024,13,0.0,9.0,1232.0,0.0,51,57
1,NASDAQ_recent,2025,13,0.0,10.0,893.0,0.0,53,59
1,NYSE_recent,2022,13,0.0,7.0,1174.0,0.0,56,63
1,NYSE_recent,2023,13,0.0,7.0,963.0,0.0,56,63
1,NYSE_recent,2024,13,0.0,9.0,1015.0,0.0,56,61
1,NYSE_recent,2025,13,0.0,7.0,1255.0,0.0,56,61
5,NASDAQ_recent,2022,21,0.0,7.0,272.0,0.0,52,57
5,NASDAQ_recent,2023,21,0.0,9.0,321.0,0.0,50,56
5,NASDAQ_recent,2024,21,0.0,11.0,290.0,0.0,51,57
5,NASDAQ_recent,2025,21,0.0,7.0,240.0,0.0,53,59
5,NYSE_recent,2022,21,0.0,8.0,346.0,0.0,56,62
5,NYSE_recent,2023,21,0.0,10.0,306.0,0.0,56,63
5,NYSE_recent,2024,21,0.0,9.0,230.0,0.0,56,61
5,NYSE_recent,2025,21,0.0,6.0,312.0,0.0,56,61
