horizon,model,median_delta_spy,worst_delta_spy,years_cohorts_beating_spy,windows,median_IC,median_RankIC
5,momentum126,-0.25306384198008847,-1.7891498921864897,4,8,-0.00612386494090155,0.004963100493272201
5,think_mix_huber,-0.4909857232259719,-1.0173949554527657,2,8,0.00401362566718865,0.005646880357310898
1,momentum126,-0.5466510751642004,-2.516436350365263,2,8,0.0030523268601618,0.0112428002402736
5,reversal5,-0.5788378538637223,-3.088773322564652,3,8,0.02433938697197895,0.0166227570623948
5,multiscale_mse,-0.5920030111026662,-1.943509697449136,2,8,-0.0037642730077267,-0.00919915091531135
1,think_mix,-0.6276603651782968,-1.3956602403160576,1,8,0.0042210830116521,0.008649254942324151
5,multiscale_huber,-0.6368179442657983,-2.052865424051559,3,8,-0.0034973983280511,-0.00454856816307135
1,multiscale_huber,-0.6371024901175089,-2.2639379297889364,1,8,0.0072401016831126,0.0022779016090989
5,think_mix,-0.6415052915260956,-1.1052790451844472,2,8,0.0042696855627274,0.0036779148025011497
5,think_mix_shrink_huber,-0.6439943642527193,-1.5707379240271522,1,8,0.0031122034243152,0.0022714286962729003
1,think_mix_huber,-0.6817226457989606,-1.1650933140014448,0,8,0.0031575894010176502,0.00424769762574855
5,think_risk,-0.6830011235950473,-2.564196866170101,2,8,0.0004093305669024,0.0098669132049039
1,think,-0.6867693346300985,-2.253382071864551,1,8,0.00128758219589385,-0.0027279430557725
5,think_gate,-0.6984826929128506,-2.203808756503014,3,8,0.0014557826169803,0.00869776232688265
5,think_mix_shrink,-0.7148081310298013,-1.6235084081771616,1,8,0.0026884429655669997,0.00087779716839785
5,lstm,-0.7787443727742911,-2.162360589364168,3,8,-0.0015998125066272,0.00523185589729315
5,stockmixer,-0.7926465338036435,-1.7406641459166043,1,8,-0.0028582893730963,-0.0044762119619434
5,think_rank,-0.8171102093626166,-2.417039188296371,2,8,-0.00033259386041995,0.0073883244309123
5,market_transformer,-0.8393527487478016,-2.829666417000277,2,8,-0.0005317681565038601,0.0046328692389914
1,multiscale_mse,-0.8543645015772086,-2.225398825703604,2,8,-0.00392121549970285,-0.0021178044405447
5,think_huber,-0.8692192367734599,-2.259434238380099,2,8,-0.0074508226807581,-0.0070444567707091
1,reversal5,-0.8826014057805931,-2.5669544954451933,2,8,0.0113381169972781,0.0083398287263148
5,ridge,-0.8986928367197456,-2.6300244179188352,2,8,0.0052437514858125495,-0.0019398223081397497
5,think,-0.903161395075649,-2.456221742856352,3,8,-0.0024420725956941,0.01087484071047365
1,stockmixer_huber,-0.9046042889716046,-2.208288670712922,2,8,8.879927120019997e-05,0.0024853398018308
5,mlp,-0.936581882576695,-1.902046551539367,1,8,-0.00635185026092025,-0.0068363102598395994
1,stockmixer,-0.9954014570836871,-2.0648497055278554,2,8,0.0005925796956428,0.00116682795986765
1,think_huber,-1.0757902667248669,-2.917694396272754,1,8,0.0045915359285791,-0.00067531036506305
5,stockmixer_huber,-1.3251139276782813,-1.7551005836529443,2,8,-0.010551229772392,-0.00316088629060505
1,ridge,-1.665815814427451,-3.6135529181348103,0,8,0.0006733198757714,-0.0010884125059144676
