horizon,dataset,year,before,after,delta_sharpe,delta_IC,delta_RankIC,delta_NDCG10
5,NYSE_recent,2022,think,think_huber,-0.0452334105275054,0.008826539956552002,0.0173590496030841,-0.016166698624393683
5,NYSE_recent,2022,think_mix,think_mix_huber,0.1650365888232983,-0.010568564115219198,-0.016020329842487198,0.0028582040061366776
5,NYSE_recent,2022,stockmixer,stockmixer_huber,-0.48582891400969697,-0.021780353100328304,-0.014682944737529301,-0.01583973110500636
5,NYSE_recent,2022,think_mix_shrink,think_mix_shrink_huber,-0.6676801036137013,-0.019887795678951305,-0.0141228560572037,-0.02436031481043338
5,NYSE_recent,2022,multiscale_mse,multiscale_huber,-0.16809411854199252,-0.0143758152471626,-0.014543480352931099,0.005850762081675898
5,NYSE_recent,2022,think_mix,think_mix_shrink,0.3128089627241727,-0.0045850006406828,-0.0109613921523167,0.005958601672434005
5,NYSE_recent,2022,think_mix_huber,think_mix_shrink_huber,-0.519907729712827,-0.013904232204414904,-0.0090639183670332,-0.021259917144136053
5,NYSE_recent,2022,stockmixer,multiscale_mse,0.23863448090994605,-0.0121419957515489,-0.0193032439302738,0.007817959887505554
5,NYSE_recent,2023,think,think_huber,0.3651658572612713,0.012244146408830101,0.0111033103077251,0.024430600045962758
5,NYSE_recent,2023,think_mix,think_mix_huber,0.0,0.0013668449554570003,0.0002141538599477015,0.0006122555813958819
5,NYSE_recent,2023,stockmixer,stockmixer_huber,-0.4812730666954869,0.0089304815913935,0.006937318193034899,-0.01037711743688452
5,NYSE_recent,2023,think_mix_shrink,think_mix_shrink_huber,0.0997153644493779,0.0014856582195252005,0.0003499722102229992,-4.497603774866743e-05
5,NYSE_recent,2023,multiscale_mse,multiscale_huber,-0.07585958359313189,0.0049290793285751006,0.018140340503281602,-0.001637040478998264
5,NYSE_recent,2023,think_mix,think_mix_shrink,-0.09967237947387686,-0.00026662024066440027,-0.001025293198544698,0.0006037682654249643
5,NYSE_recent,2023,think_mix_huber,think_mix_shrink_huber,4.298497550103697e-05,-0.00014780697659620007,-0.0008894748482694004,-5.3463353719584994e-05
5,NYSE_recent,2023,stockmixer,multiscale_mse,-0.3741218273176662,0.0078561974332384,-0.00025183214845250074,-0.03336499315496466
5,NYSE_recent,2024,think,think_huber,0.6520000847394256,0.0100021706419931,-0.0031295811314787994,0.0020585823898033873
5,NYSE_recent,2024,think_mix,think_mix_huber,-0.6547744141021421,0.006009986307094706,0.005069546139431405,-0.006417876530481426
5,NYSE_recent,2024,stockmixer,stockmixer_huber,0.1233444477656377,0.0190208907145367,0.029677865710800597,-0.007199884316243521
5,NYSE_recent,2024,think_mix_shrink,think_mix_shrink_huber,0.3834546621322021,0.0367648527795823,0.028384299368313198,0.00693767007035373
5,NYSE_recent,2024,multiscale_mse,multiscale_huber,-0.199032541935048,0.0145173256024422,0.0130877303505533,0.006424853222066096
5,NYSE_recent,2024,think_mix,think_mix_shrink,-0.8341776311249922,-0.038234508680143095,-0.03617808297113259,-0.018520902611205314
5,NYSE_recent,2024,think_mix_huber,think_mix_shrink_huber,0.20405144510935208,-0.007479642207655499,-0.012863329742250802,-0.005165356010370159
5,NYSE_recent,2024,stockmixer,multiscale_mse,0.3909606405448438,0.014756432830356301,0.0031740838179149973,-0.003828361662511881
5,NYSE_recent,2025,think,think_huber,0.11697449864628962,0.0006291083051621973,0.0022194836086086023,0.008474990026620222
5,NYSE_recent,2025,think_mix,think_mix_huber,-0.17119513082172672,-0.0028478687495512994,-0.0038236638298751995,0.004576796218101031
5,NYSE_recent,2025,stockmixer,stockmixer_huber,-1.2426490754208228,-0.030656084156998404,-0.0400301771224226,-0.04153596907801271
5,NYSE_recent,2025,think_mix_shrink,think_mix_shrink_huber,-0.09908400596187572,-0.028406245426772697,-0.0259043828405177,-0.0014545043782786538
5,NYSE_recent,2025,multiscale_mse,multiscale_huber,0.040146303044088394,-0.030847467581365102,-0.018724155595716097,0.0008487044849803116
5,NYSE_recent,2025,think_mix,think_mix_shrink,0.0017730256007575107,0.010105347473802501,0.003850189298917301,0.0069440373739669825
5,NYSE_recent,2025,think_mix_huber,think_mix_shrink_huber,0.07388415046060849,-0.015453029203418896,-0.018230529711725202,0.0009127367775872974
5,NYSE_recent,2025,stockmixer,multiscale_mse,-0.5643749020401556,0.0068186647674023,-0.005648483271210501,-0.008830620160032776
5,NASDAQ_recent,2022,think,think_huber,-0.14671714179103973,-0.0021641344688377003,-0.011466543928766,-0.004070588149569732
5,NASDAQ_recent,2022,think_mix,think_mix_huber,0.10930062050266942,0.0037627976260992003,0.007480534554832802,0.0024070022267436153
5,NASDAQ_recent,2022,stockmixer,stockmixer_huber,0.0509061426985514,-0.0013022281451353993,0.001537426032018202,-0.0008916862603642883
5,NASDAQ_recent,2022,think_mix_shrink,think_mix_shrink_huber,-0.05578919639193247,0.0073404294628507,0.0096372567115529,-0.0029691235106665825
5,NASDAQ_recent,2022,multiscale_mse,multiscale_huber,-0.2683530727532732,-0.0029857645318087,0.0008985334010046002,-0.007979899321053252
5,NASDAQ_recent,2022,think_mix,think_mix_shrink,0.08453294041928894,0.006505738562948399,0.0008429062806682014,0.0025875670663426664
5,NASDAQ_recent,2022,think_mix_huber,think_mix_shrink_huber,-0.08055687647531296,0.0100833703996999,0.0029996284373883,-0.0027885586710675314
5,NASDAQ_recent,2022,stockmixer,multiscale_mse,-0.40458385532526187,-0.0340092576040186,-0.030170351854025397,-0.0019574344192352378
5,NASDAQ_recent,2023,think,think_huber,0.5237814799750653,0.0018551211993473,-0.004051870781900401,0.0028563019514211696
5,NASDAQ_recent,2023,think_mix,think_mix_huber,0.05624494677833969,0.0008705212416734998,0.0013523807787421951,-0.0016243164968022805
5,NASDAQ_recent,2023,stockmixer,stockmixer_huber,-0.3305410671807684,-0.004154275170309699,0.001429811283995299,-0.0008326773611597726
5,NASDAQ_recent,2023,think_mix_shrink,think_mix_shrink_huber,0.01523166900346773,0.0011138555991901996,0.0031562045444766002,-4.018243567738278e-05
5,NASDAQ_recent,2023,multiscale_mse,multiscale_huber,-0.07152911505559811,-0.008067985104358102,-0.013056992176038604,-0.002459883519222439
5,NASDAQ_recent,2023,think_mix,think_mix_shrink,-0.0243295902280396,-0.0012003681339726995,-0.0023835424387395002,-0.002543632013766284
5,NASDAQ_recent,2023,think_mix_huber,think_mix_shrink_huber,-0.06534286800291156,-0.0009570337764559997,-0.000579718673005095,-0.000959497952641386
5,NASDAQ_recent,2023,stockmixer,multiscale_mse,0.792393967494618,0.0611369992149899,0.0621776315478943,0.04724972052933196
5,NASDAQ_recent,2024,think,think_huber,-0.6906814602704069,-0.0281980340130671,-0.029851020198054197,-0.0274103466332426
5,NASDAQ_recent,2024,think_mix,think_mix_huber,0.7001229420478553,0.0259243990971974,0.0280575464426725,0.026732726261030293
5,NASDAQ_recent,2024,stockmixer,stockmixer_huber,-0.3027593279834817,-0.0017367422282222001,-0.0015425918304764,-0.007299719822176698
5,NASDAQ_recent,2024,think_mix_shrink,think_mix_shrink_huber,0.49309459826645163,0.016442831828762404,0.009677836302470003,0.01601310558516278
5,NASDAQ_recent,2024,multiscale_mse,multiscale_huber,-0.1960264203383271,-0.019456404295625004,-0.024267804799612602,-0.00881800761099627
5,NASDAQ_recent,2024,think_mix,think_mix_shrink,-0.20471404846498753,0.0081325812256656,0.017907288735491002,-0.007794889116901738
5,NASDAQ_recent,2024,think_mix_huber,think_mix_shrink_huber,-0.4117423922463912,-0.0013489860427693956,-0.00047242140471149413,-0.01851450979276925
5,NASDAQ_recent,2024,stockmixer,multiscale_mse,-0.28818495954977474,-0.023066943179381398,-0.022004545675017202,-0.013530541296997822
5,NASDAQ_recent,2025,think,think_huber,-0.4604527844181496,-0.018300850640742997,-0.0212975479702301,-0.015596593700925032
5,NASDAQ_recent,2025,think_mix,think_mix_huber,0.27449254634700077,-0.0018789647465345003,0.007283146686515101,0.0139664328150092
5,NASDAQ_recent,2025,stockmixer,stockmixer_huber,-0.6035321046260979,-0.0177967573604555,-0.004571776439142,-0.011185454994922628
5,NASDAQ_recent,2025,think_mix_shrink,think_mix_shrink_huber,-0.08325445808486015,-0.0035021372791283,-0.0003689414887264996,-0.0033901371276520154
5,NASDAQ_recent,2025,multiscale_mse,multiscale_huber,-1.0035686150999927,-0.011604795698804599,-0.019379427721170697,-0.016218612572197144
5,NASDAQ_recent,2025,think_mix,think_mix_shrink,0.15043079777147644,-0.0028958649536564,0.0014809035261707003,0.00517064495345243
5,NASDAQ_recent,2025,think_mix_huber,think_mix_shrink_huber,-0.20731620666038447,-0.0045190374862502,-0.0061711846490709,-0.012185924989208785
5,NASDAQ_recent,2025,stockmixer,multiscale_mse,0.026552747916554154,-0.004335758589512,0.018144799268697998,-0.011122921534012176
1,NYSE_recent,2022,think,think_huber,-0.5144267467425605,-0.006604482586233799,-0.0065601077080122,-0.007792580882628242
1,NYSE_recent,2022,think_mix,think_mix_huber,0.01713514936893723,0.0016411308377494004,-0.0025840441527334003,-0.0006759807367043846
1,NYSE_recent,2022,stockmixer,stockmixer_huber,-0.01761425030422159,-0.001510115644003,0.0011495228859269993,0.0005325237172344455
1,NYSE_recent,2022,multiscale_mse,multiscale_huber,-0.4971771138360047,0.0023576446084668996,0.0056927571885771,0.0018056445471547056
1,NYSE_recent,2022,stockmixer,multiscale_mse,0.24281458091422803,-0.005484533244062399,-0.0105884450497203,-0.0005003509288431518
1,NYSE_recent,2023,think,think_huber,-0.19048658584317546,0.0030667885927190995,0.0010435809463234004,0.0025026334203012146
1,NYSE_recent,2023,think_mix,think_mix_huber,-0.0044980966576275705,0.0010827306464972998,0.0008070904315971988,-4.9149259103487e-05
1,NYSE_recent,2023,stockmixer,stockmixer_huber,-0.2736712915497531,-0.0018364835123815997,-0.0006365548510528,-0.003497509831262624
1,NYSE_recent,2023,multiscale_mse,multiscale_huber,-0.009120091100566996,0.008548259304646099,0.0115367470372008,0.003700986454522215
1,NYSE_recent,2023,stockmixer,multiscale_mse,-0.41862504915205717,0.0012400304703068998,0.0010772640935025998,-0.009155118897461234
1,NYSE_recent,2024,think,think_huber,0.008378307571303978,0.0063719315468098,0.004372993185441,0.0012009283462073306
1,NYSE_recent,2024,think_mix,think_mix_huber,0.2733243449221784,0.0007608634496922007,0.0013838978691108998,0.001917965467407745
1,NYSE_recent,2024,stockmixer,stockmixer_huber,-0.11206830751571295,0.0100009552742628,0.009021435248445,0.010058321925713876
1,NYSE_recent,2024,multiscale_mse,multiscale_huber,-0.004414065257578592,0.019682240669684,0.0208539844347881,0.001714285564212381
1,NYSE_recent,2024,stockmixer,multiscale_mse,0.19617015840286223,-0.0075826771998018,-0.009005235465187401,-0.0031330828299994673
1,NYSE_recent,2025,think,think_huber,-0.11780117106988708,0.0037226504363096994,0.007784112825281202,-0.0037765908960385453
1,NYSE_recent,2025,think_mix,think_mix_huber,-0.11122380450427072,-0.0015868555869768992,-0.0025193280723273,-0.006101013120538679
1,NYSE_recent,2025,stockmixer,stockmixer_huber,-0.06569551901703263,0.0004652004895750999,0.00043082272825259796,-0.0047073065957171645
1,NYSE_recent,2025,multiscale_mse,multiscale_huber,-0.7632894341157428,-0.003624379679036501,0.0015081787866494008,-0.005442015184486393
1,NYSE_recent,2025,stockmixer,multiscale_mse,0.8861828239197833,0.0019797401945141,0.0006103163015657997,0.012613330612324836
1,NASDAQ_recent,2022,think,think_huber,0.2458702604630354,0.0026619276514984,0.0060723769553425,0.009357565722051708
1,NASDAQ_recent,2022,think_mix,think_mix_huber,0.13913429939913924,-0.0015761933751500994,-0.0022036471105802997,0.005377301952099178
1,NASDAQ_recent,2022,stockmixer,stockmixer_huber,-0.5623162240589133,-0.0014070246315490993,-0.0008482472603777999,-0.007410794392470055
1,NASDAQ_recent,2022,multiscale_mse,multiscale_huber,-0.5196131050172013,0.0020278058890014,0.0056353380843821,-0.0018858092019603534
1,NASDAQ_recent,2022,stockmixer,multiscale_mse,0.1117426075982278,-0.003261505089178299,-0.0070459930266808,0.0017567055453242553
1,NASDAQ_recent,2023,think,think_huber,-0.75636746319873,-0.0035194718568606004,-0.004185943022537501,-0.007983881561957396
1,NASDAQ_recent,2023,think_mix,think_mix_huber,-0.13113426205756396,0.00010239812978119997,-0.00020554913383329988,-0.0015964968211910069
1,NASDAQ_recent,2023,stockmixer,stockmixer_huber,0.3514554737197348,0.020277981909327,0.0153829679091683,0.004382865706874628
1,NASDAQ_recent,2023,multiscale_mse,multiscale_huber,-0.7625153576401245,0.002035144959284899,-0.0024874783880004,-0.0018832461274262968
1,NASDAQ_recent,2023,stockmixer,multiscale_mse,0.5349391636283616,0.0256170112180021,0.0228454475402936,0.008319728146306438
1,NASDAQ_recent,2024,think,think_huber,-0.041504154719681996,-0.0038235795328695,0.005444807850792799,0.002894827783583187
1,NASDAQ_recent,2024,think_mix,think_mix_huber,-0.8578297132731248,0.001468594364465,0.005398376138871702,-0.0004785602121144539
1,NASDAQ_recent,2024,stockmixer,stockmixer_huber,-0.7328088123511257,-0.0049222539242194,-0.00042052455719399995,-0.015144302300528656
1,NASDAQ_recent,2024,multiscale_mse,multiscale_huber,-0.1208143408591984,-0.005179544840728199,-0.0070099853017829995,-0.004035709509082941
1,NASDAQ_recent,2024,stockmixer,multiscale_mse,0.1792319476799552,-0.0061785876556117,-0.0016878967219678,-0.0008244541769453217
1,NASDAQ_recent,2025,think,think_huber,-0.8213763749560246,-0.0103385518125133,-0.0027283419598528,-0.004739776757098801
1,NASDAQ_recent,2025,think_mix,think_mix_huber,-0.2939463628598957,-0.0137929501870282,-0.0102863526133225,-0.00904233634289664
1,NASDAQ_recent,2025,stockmixer,stockmixer_huber,-0.03734402037736528,0.001177316332651,0.0038657155353822997,0.001995880278684692
1,NASDAQ_recent,2025,multiscale_mse,multiscale_huber,-0.465991753432392,0.007546054305013999,0.0106430462482776,0.006860379858652621
1,NASDAQ_recent,2025,stockmixer,multiscale_mse,-0.2676243966082438,-0.0034759906547055996,-0.0007524219041705011,-0.006495264783607624
