horizon,dataset,year,model,method,delta_sharpe,delta_turnover
5,NYSE_recent,2022,think,inverse_vol,-0.12075799512162577,-1.9674585939994103
5,NYSE_recent,2022,think,buffer_equal,0.061423360630928014,-9.810862874780643
5,NYSE_recent,2022,think,buffer_inverse_vol,-0.043400841602788676,-9.922091147567873
5,NYSE_recent,2022,think_rank,inverse_vol,-0.020348424915274096,-2.7984215773216583
5,NYSE_recent,2022,think_rank,buffer_equal,-0.3521965754494432,-11.688835374600158
5,NYSE_recent,2022,think_rank,buffer_inverse_vol,-0.40726961988957266,-12.64424736555316
5,NYSE_recent,2022,think_gate,inverse_vol,0.0518160339163985,-1.6857503646662622
5,NYSE_recent,2022,think_gate,buffer_equal,-0.15061902355486048,-10.89244655918311
5,NYSE_recent,2022,think_gate,buffer_inverse_vol,-0.27491593644107404,-12.519073134973066
5,NYSE_recent,2022,think_mix,inverse_vol,0.03381991261019801,0.8767213492186379
5,NYSE_recent,2022,think_mix,buffer_equal,0.010659816516497944,-4.926606777667473
5,NYSE_recent,2022,think_mix,buffer_inverse_vol,0.010077563203032325,-4.345001764521723
5,NYSE_recent,2022,think_risk,inverse_vol,-0.03262094729911763,-1.262459949261311
5,NYSE_recent,2022,think_risk,buffer_equal,-0.030116756967190683,-8.512996097728205
5,NYSE_recent,2022,think_risk,buffer_inverse_vol,-0.06190758717603234,-8.677942396118627
5,NYSE_recent,2022,mlp,inverse_vol,-0.02417043759076304,2.0859483556727625
5,NYSE_recent,2022,mlp,buffer_equal,-0.15940761882262927,-14.203827422061934
5,NYSE_recent,2022,mlp,buffer_inverse_vol,-0.24779024279272183,-12.24909782907303
5,NYSE_recent,2022,lstm,inverse_vol,-0.04315868661083827,2.315918318167949
5,NYSE_recent,2022,lstm,buffer_equal,-0.16444546534273474,-10.413641771721252
5,NYSE_recent,2022,lstm,buffer_inverse_vol,-0.2555515076129595,-9.038866307005431
5,NYSE_recent,2022,stockmixer,inverse_vol,0.008172626463476274,1.6388767637043529
5,NYSE_recent,2022,stockmixer,buffer_equal,-0.2855624399741735,-17.171005763870717
5,NYSE_recent,2022,stockmixer,buffer_inverse_vol,-0.2909127769247357,-16.73041375753403
5,NYSE_recent,2022,market_transformer,inverse_vol,0.143863095343996,1.5488119031918828
5,NYSE_recent,2022,market_transformer,buffer_equal,-0.15649126852150813,-15.918488270432327
5,NYSE_recent,2022,market_transformer,buffer_inverse_vol,-0.1113402449242259,-14.114119877828877
5,NYSE_recent,2022,think_huber,inverse_vol,0.042839555577315114,-5.455746339049917
5,NYSE_recent,2022,think_huber,buffer_equal,0.1717829659297994,-18.802239518205155
5,NYSE_recent,2022,think_huber,buffer_inverse_vol,0.1443692092264814,-21.38779842105791
5,NYSE_recent,2022,think_mix_huber,inverse_vol,0.09019765279175596,-0.4071113988459327
5,NYSE_recent,2022,think_mix_huber,buffer_equal,-0.008061430185241192,-2.744166666399355
5,NYSE_recent,2022,think_mix_huber,buffer_inverse_vol,0.12333118182991032,-2.425121047374618
5,NYSE_recent,2022,stockmixer_huber,inverse_vol,0.04058555871665903,-0.8738692513013078
5,NYSE_recent,2022,stockmixer_huber,buffer_equal,0.022814840460195107,-20.443219704598814
5,NYSE_recent,2022,stockmixer_huber,buffer_inverse_vol,0.017959599442855634,-20.967167456694995
5,NYSE_recent,2022,think_mix_shrink,inverse_vol,-0.054955158625363154,-0.6952352145797214
5,NYSE_recent,2022,think_mix_shrink,buffer_equal,-0.52501102956417,-17.639711865233537
5,NYSE_recent,2022,think_mix_shrink,buffer_inverse_vol,-0.6053198508159711,-16.89968745652338
5,NYSE_recent,2022,think_mix_shrink_huber,inverse_vol,0.16403763223038204,-0.1228586358403767
5,NYSE_recent,2022,think_mix_shrink_huber,buffer_equal,-0.06312966036017142,-7.1460690619159815
5,NYSE_recent,2022,think_mix_shrink_huber,buffer_inverse_vol,0.07731416860041462,-6.747805587974756
5,NYSE_recent,2022,multiscale_mse,inverse_vol,-0.06781952979814299,1.571101413664877
5,NYSE_recent,2022,multiscale_mse,buffer_equal,-0.048732144463875915,-15.538928396670606
5,NYSE_recent,2022,multiscale_mse,buffer_inverse_vol,-0.17859534866420984,-13.453770042089783
5,NYSE_recent,2022,multiscale_huber,inverse_vol,0.04284908327821052,-2.016657166823016
5,NYSE_recent,2022,multiscale_huber,buffer_equal,0.03497657589955111,-16.360806856285656
5,NYSE_recent,2022,multiscale_huber,buffer_inverse_vol,-0.013176200501256619,-15.953820312242698
5,NYSE_recent,2022,ridge,inverse_vol,-0.07066896985326454,0.05506313983622135
5,NYSE_recent,2022,ridge,buffer_equal,-0.08914752238532586,-13.771652340264659
5,NYSE_recent,2022,ridge,buffer_inverse_vol,-0.20362751832198345,-12.372570817455973
5,NYSE_recent,2022,momentum126,inverse_vol,-0.10717960926141101,0.7388986479911317
5,NYSE_recent,2022,momentum126,buffer_equal,0.4247239181362466,-12.750229321760658
5,NYSE_recent,2022,momentum126,buffer_inverse_vol,0.35968115105949683,-12.300238998283623
5,NYSE_recent,2022,reversal5,inverse_vol,0.10113117148367687,-0.8890870598855969
5,NYSE_recent,2022,reversal5,buffer_equal,-0.005711332504634126,-11.291481370025394
5,NYSE_recent,2022,reversal5,buffer_inverse_vol,0.214568132796439,-11.3287556292197
5,NYSE_recent,2023,think,inverse_vol,0.09324250432791553,-3.8328008389662216
5,NYSE_recent,2023,think,buffer_equal,0.3140850989999062,-15.220821446905106
5,NYSE_recent,2023,think,buffer_inverse_vol,0.26472405108703245,-17.8280098353247
5,NYSE_recent,2023,think_rank,inverse_vol,0.037119251652505514,-3.948316078400417
5,NYSE_recent,2023,think_rank,buffer_equal,0.04928273445168718,-13.742501698855591
5,NYSE_recent,2023,think_rank,buffer_inverse_vol,0.1688249821663711,-17.636427879657468
5,NYSE_recent,2023,think_gate,inverse_vol,-0.015640509966525218,-4.375638854218337
5,NYSE_recent,2023,think_gate,buffer_equal,-0.020062494836985856,-14.76846497382789
5,NYSE_recent,2023,think_gate,buffer_inverse_vol,0.010387639896959733,-17.760131123501573
5,NYSE_recent,2023,think_mix,inverse_vol,0.020975991558794593,0.6783809867129085
5,NYSE_recent,2023,think_mix,buffer_equal,-0.08297128713418456,-0.18009718836537347
5,NYSE_recent,2023,think_mix,buffer_inverse_vol,-0.11072399341831085,0.5316537720478323
5,NYSE_recent,2023,think_risk,inverse_vol,0.09979756241671123,-3.0086650403172186
5,NYSE_recent,2023,think_risk,buffer_equal,0.47067133996373184,-11.80499605047413
5,NYSE_recent,2023,think_risk,buffer_inverse_vol,0.5775690430724525,-14.392279481540719
5,NYSE_recent,2023,mlp,inverse_vol,0.025845789446739403,4.310479672320916
5,NYSE_recent,2023,mlp,buffer_equal,0.0475600622213672,-16.05754296771912
5,NYSE_recent,2023,mlp,buffer_inverse_vol,0.030091985146613792,-13.646906166879372
5,NYSE_recent,2023,lstm,inverse_vol,-0.07853940028093981,-3.2411933152416736
5,NYSE_recent,2023,lstm,buffer_equal,-0.02867398257616549,-11.552451754427437
5,NYSE_recent,2023,lstm,buffer_inverse_vol,-0.0749667208729633,-13.908793634695414
5,NYSE_recent,2023,stockmixer,inverse_vol,0.002132819666571084,-0.5739928681463482
5,NYSE_recent,2023,stockmixer,buffer_equal,-0.005318678193408033,-22.53152981634227
5,NYSE_recent,2023,stockmixer,buffer_inverse_vol,-0.20685432293859518,-23.91540313309671
5,NYSE_recent,2023,market_transformer,inverse_vol,0.0819105121834765,-0.3973533222751584
5,NYSE_recent,2023,market_transformer,buffer_equal,-0.1012686936064972,-11.40395051646783
5,NYSE_recent,2023,market_transformer,buffer_inverse_vol,0.007619224059503896,-10.924535615915659
5,NYSE_recent,2023,think_huber,inverse_vol,0.0438165418613998,-5.104905248169828
5,NYSE_recent,2023,think_huber,buffer_equal,0.1422729086810418,-15.17925822486756
5,NYSE_recent,2023,think_huber,buffer_inverse_vol,0.1283103226649037,-19.115844558429288
5,NYSE_recent,2023,think_mix_huber,inverse_vol,0.020975991558794593,0.6783809867129085
5,NYSE_recent,2023,think_mix_huber,buffer_equal,-0.08297128713418456,-0.18009718836537347
5,NYSE_recent,2023,think_mix_huber,buffer_inverse_vol,-0.11072399341831085,0.5316537720478323
5,NYSE_recent,2023,stockmixer_huber,inverse_vol,-0.14445578099409537,-3.914403815345473
5,NYSE_recent,2023,stockmixer_huber,buffer_equal,0.13565534978797983,-15.180241764405672
5,NYSE_recent,2023,stockmixer_huber,buffer_inverse_vol,0.010568914423769504,-19.06563348447372
5,NYSE_recent,2023,think_mix_shrink,inverse_vol,0.055763888499274716,0.47063916056778066
5,NYSE_recent,2023,think_mix_shrink,buffer_equal,0.016701092339692303,-1.8907130392328138
5,NYSE_recent,2023,think_mix_shrink,buffer_inverse_vol,-0.011051613944433991,-1.178962078819608
5,NYSE_recent,2023,think_mix_shrink_huber,inverse_vol,0.02496629265325523,0.4085345366051687
5,NYSE_recent,2023,think_mix_shrink_huber,buffer_equal,-0.0830142721096856,-0.7771338290704874
5,NYSE_recent,2023,think_mix_shrink_huber,buffer_inverse_vol,-0.11076697839381189,-0.06538286865728171
5,NYSE_recent,2023,multiscale_mse,inverse_vol,-0.10577431384882152,-0.08609702349994564
5,NYSE_recent,2023,multiscale_mse,buffer_equal,0.000788684459997413,-15.985610461969447
5,NYSE_recent,2023,multiscale_mse,buffer_inverse_vol,-0.06044184877791409,-14.64728453632285
5,NYSE_recent,2023,multiscale_huber,inverse_vol,0.03438524596403686,0.6707212206452269
5,NYSE_recent,2023,multiscale_huber,buffer_equal,-0.5906090783586027,-18.74360183488922
5,NYSE_recent,2023,multiscale_huber,buffer_inverse_vol,-0.6929329679319105,-16.309307043940272
5,NYSE_recent,2023,ridge,inverse_vol,0.17489577701289905,1.6825839824982367
5,NYSE_recent,2023,ridge,buffer_equal,-0.3045740596821833,-13.176722816694841
5,NYSE_recent,2023,ridge,buffer_inverse_vol,-0.06594172215888172,-10.58353607968246
5,NYSE_recent,2023,momentum126,inverse_vol,-0.10035267028746798,2.696212441790145
5,NYSE_recent,2023,momentum126,buffer_equal,0.8463918656601686,-12.100150866244569
5,NYSE_recent,2023,momentum126,buffer_inverse_vol,1.0281342683287011,-10.892567856160582
5,NYSE_recent,2023,reversal5,inverse_vol,-0.08798251465972429,1.2126683003281613
5,NYSE_recent,2023,reversal5,buffer_equal,-0.12897599854248898,-10.808037911411155
5,NYSE_recent,2023,reversal5,buffer_inverse_vol,-0.1094953930043685,-8.697835037203731
5,NYSE_recent,2024,think,inverse_vol,0.31828118670766387,-0.3973321185545089
5,NYSE_recent,2024,think,buffer_equal,0.4761108391336337,-13.785882279812029
5,NYSE_recent,2024,think,buffer_inverse_vol,0.9063253019550257,-13.976385490276142
5,NYSE_recent,2024,think_rank,inverse_vol,0.1411458978420212,-1.594185388785629
5,NYSE_recent,2024,think_rank,buffer_equal,-0.04941759221179609,-17.405816893244467
5,NYSE_recent,2024,think_rank,buffer_inverse_vol,0.1748222430344366,-18.04023999819197
5,NYSE_recent,2024,think_gate,inverse_vol,0.1464158169131654,-0.37107949328513
5,NYSE_recent,2024,think_gate,buffer_equal,-0.2159561053374608,-20.764566383012028
5,NYSE_recent,2024,think_gate,buffer_inverse_vol,0.041781333039685495,-21.302103443673154
5,NYSE_recent,2024,think_mix,inverse_vol,0.23339570219235783,1.7428965148004263
5,NYSE_recent,2024,think_mix,buffer_equal,0.07918026685128798,-5.1737858485102155
5,NYSE_recent,2024,think_mix,buffer_inverse_vol,0.3919820836098289,-4.058535023956686
5,NYSE_recent,2024,think_risk,inverse_vol,0.07351153171305225,5.8572779623643
5,NYSE_recent,2024,think_risk,buffer_equal,-0.04443626855205407,-18.94923663623964
5,NYSE_recent,2024,think_risk,buffer_inverse_vol,-0.052979688419318105,-16.829404319129544
5,NYSE_recent,2024,mlp,inverse_vol,0.1293457217674087,3.942681479633812
5,NYSE_recent,2024,mlp,buffer_equal,0.020628554334814503,-14.460338490667954
5,NYSE_recent,2024,mlp,buffer_inverse_vol,0.030684735502645083,-12.032557655849587
5,NYSE_recent,2024,lstm,inverse_vol,0.10101152919786593,3.0370133821418897
5,NYSE_recent,2024,lstm,buffer_equal,0.03193913307412588,-11.053824847868459
5,NYSE_recent,2024,lstm,buffer_inverse_vol,-0.06814918189108754,-9.342427001352934
5,NYSE_recent,2024,stockmixer,inverse_vol,0.0808673629627508,4.943655139612034
5,NYSE_recent,2024,stockmixer,buffer_equal,-0.009042744690859701,-18.60358671811605
5,NYSE_recent,2024,stockmixer,buffer_inverse_vol,0.2483240221678604,-14.81592721596698
5,NYSE_recent,2024,market_transformer,inverse_vol,0.11029332472860887,5.804281811189419
5,NYSE_recent,2024,market_transformer,buffer_equal,-0.08566792521602928,-22.085033785841876
5,NYSE_recent,2024,market_transformer,buffer_inverse_vol,0.0011005321593153816,-19.004038869116012
5,NYSE_recent,2024,think_huber,inverse_vol,-0.2029828810874921,-6.954777940934548
5,NYSE_recent,2024,think_huber,buffer_equal,0.1694547157956808,-19.375318804256707
5,NYSE_recent,2024,think_huber,buffer_inverse_vol,0.1489931344781157,-23.546389989753628
5,NYSE_recent,2024,think_mix_huber,inverse_vol,0.26906444301729865,0.7433146029104742
5,NYSE_recent,2024,think_mix_huber,buffer_equal,0.1082253500668417,-2.308413096313325
5,NYSE_recent,2024,think_mix_huber,buffer_inverse_vol,0.47409183155194684,-1.5384418356682037
5,NYSE_recent,2024,stockmixer_huber,inverse_vol,0.05567245970673361,3.0417221168654294
5,NYSE_recent,2024,stockmixer_huber,buffer_equal,-0.4028140604342748,-18.38961869738401
5,NYSE_recent,2024,stockmixer_huber,buffer_inverse_vol,-0.18352722147445139,-14.430175865122777
5,NYSE_recent,2024,think_mix_shrink,inverse_vol,0.15117782858336598,3.1483365613732026
5,NYSE_recent,2024,think_mix_shrink,buffer_equal,0.35860519153484843,-18.255615525727997
5,NYSE_recent,2024,think_mix_shrink,buffer_inverse_vol,0.6119280583997524,-17.48888712600656
5,NYSE_recent,2024,think_mix_shrink_huber,inverse_vol,0.22008481134299163,-0.07308071499519997
5,NYSE_recent,2024,think_mix_shrink_huber,buffer_equal,-0.03763274102007852,-13.151557893646
5,NYSE_recent,2024,think_mix_shrink_huber,buffer_inverse_vol,0.32462943696439717,-12.415724523965004
5,NYSE_recent,2024,multiscale_mse,inverse_vol,0.24766472472528556,2.938737150967384
5,NYSE_recent,2024,multiscale_mse,buffer_equal,-0.5309894057939233,-18.09945408513405
5,NYSE_recent,2024,multiscale_mse,buffer_inverse_vol,-0.23857929985453646,-17.311771503582474
5,NYSE_recent,2024,multiscale_huber,inverse_vol,0.284645148035858,2.855554454746539
5,NYSE_recent,2024,multiscale_huber,buffer_equal,-0.2721969184555907,-24.48572652469047
5,NYSE_recent,2024,multiscale_huber,buffer_inverse_vol,-0.21579142551763447,-21.71031128290097
5,NYSE_recent,2024,ridge,inverse_vol,-0.08220492664380064,0.7611004541509061
5,NYSE_recent,2024,ridge,buffer_equal,-0.21862230973472352,-13.59279922621296
5,NYSE_recent,2024,ridge,buffer_inverse_vol,-0.2208203947832159,-10.899800468001388
5,NYSE_recent,2024,momentum126,inverse_vol,0.16329775874451313,3.2949638773699537
5,NYSE_recent,2024,momentum126,buffer_equal,0.13105868922796982,-8.359532607452383
5,NYSE_recent,2024,momentum126,buffer_inverse_vol,0.299713231873166,-7.397720704328687
5,NYSE_recent,2024,reversal5,inverse_vol,0.19563365744129824,1.2053073671510646
5,NYSE_recent,2024,reversal5,buffer_equal,0.017789704577937937,-12.919825628008375
5,NYSE_recent,2024,reversal5,buffer_inverse_vol,0.2225496034019825,-10.381544349780889
5,NYSE_recent,2025,think,inverse_vol,0.06794504339612084,-1.9694676772167554
5,NYSE_recent,2025,think,buffer_equal,0.26048356652751115,-15.531311270145657
5,NYSE_recent,2025,think,buffer_inverse_vol,0.14869040608692596,-16.088426367965244
5,NYSE_recent,2025,think_rank,inverse_vol,-0.18054732098053217,-2.8672738437530754
5,NYSE_recent,2025,think_rank,buffer_equal,0.06586804856664952,-13.874144936605905
5,NYSE_recent,2025,think_rank,buffer_inverse_vol,-0.08281176836982718,-15.496626745329017
5,NYSE_recent,2025,think_gate,inverse_vol,-0.10029371134641751,-2.6399767088075805
5,NYSE_recent,2025,think_gate,buffer_equal,-0.11717826639954687,-13.70155533251647
5,NYSE_recent,2025,think_gate,buffer_inverse_vol,-0.2113108298874805,-15.329910205904557
5,NYSE_recent,2025,think_mix,inverse_vol,-0.2625614362532189,1.6720889471072802
5,NYSE_recent,2025,think_mix,buffer_equal,-0.44894384244299224,-21.41749173491549
5,NYSE_recent,2025,think_mix,buffer_inverse_vol,-0.6665330254803171,-20.53892601790374
5,NYSE_recent,2025,think_risk,inverse_vol,0.09795784871348823,-0.925982348970372
5,NYSE_recent,2025,think_risk,buffer_equal,-0.014430871413991464,-17.62941271651703
5,NYSE_recent,2025,think_risk,buffer_inverse_vol,-0.07664756561801145,-17.931622420542976
5,NYSE_recent,2025,mlp,inverse_vol,-0.10405889795765788,5.802363731575902
5,NYSE_recent,2025,mlp,buffer_equal,-0.33512989433221607,-17.508698163049758
5,NYSE_recent,2025,mlp,buffer_inverse_vol,-0.4608973796191536,-14.51236568565168
5,NYSE_recent,2025,lstm,inverse_vol,-0.20012968490675065,0.6004408152133038
5,NYSE_recent,2025,lstm,buffer_equal,-0.020881870291572402,-14.12655046903015
5,NYSE_recent,2025,lstm,buffer_inverse_vol,-0.10064117834948416,-12.285955587958384
5,NYSE_recent,2025,stockmixer,inverse_vol,-0.24841240655828134,4.901331722137101
5,NYSE_recent,2025,stockmixer,buffer_equal,-0.42039780807379146,-19.980818966856084
5,NYSE_recent,2025,stockmixer,buffer_inverse_vol,-0.6560829550634275,-18.032195037574514
5,NYSE_recent,2025,market_transformer,inverse_vol,-0.1994893498849482,4.048916171206351
5,NYSE_recent,2025,market_transformer,buffer_equal,-0.04885050595621629,-17.90759756726184
5,NYSE_recent,2025,market_transformer,buffer_inverse_vol,-0.118692230788585,-13.498440512387994
5,NYSE_recent,2025,think_huber,inverse_vol,-0.03854822004998648,-2.056871544575557
5,NYSE_recent,2025,think_huber,buffer_equal,0.5092690262866427,-21.555167074374182
5,NYSE_recent,2025,think_huber,buffer_inverse_vol,0.4123280053437558,-22.743021707819956
5,NYSE_recent,2025,think_mix_huber,inverse_vol,-0.06900947773287419,5.680503132569687
5,NYSE_recent,2025,think_mix_huber,buffer_equal,0.0585123765678293,-14.87113136372907
5,NYSE_recent,2025,think_mix_huber,buffer_inverse_vol,0.0352641154701597,-12.012273926390428
5,NYSE_recent,2025,stockmixer_huber,inverse_vol,-0.5661848474562119,-0.7988301636982698
5,NYSE_recent,2025,stockmixer_huber,buffer_equal,-0.418497423818643,-14.199064000133404
5,NYSE_recent,2025,stockmixer_huber,buffer_inverse_vol,-1.0147342129974348,-13.404728008929503
5,NYSE_recent,2025,think_mix_shrink,inverse_vol,-0.1748739982792865,0.0347780795469248
5,NYSE_recent,2025,think_mix_shrink,buffer_equal,-0.12927315861513683,-18.603018621370797
5,NYSE_recent,2025,think_mix_shrink,buffer_inverse_vol,-0.1681722147691167,-17.751135207455196
5,NYSE_recent,2025,think_mix_shrink_huber,inverse_vol,-0.2018474773933333,3.334845523336
5,NYSE_recent,2025,think_mix_shrink_huber,buffer_equal,-0.283904611794642,-18.438158437988736
5,NYSE_recent,2025,think_mix_shrink_huber,buffer_inverse_vol,-0.43908320486587527,-16.87111870789856
5,NYSE_recent,2025,multiscale_mse,inverse_vol,-0.3075388419872448,3.9301412114626473
5,NYSE_recent,2025,multiscale_mse,buffer_equal,0.3518100665725408,-18.44092038137374
5,NYSE_recent,2025,multiscale_mse,buffer_inverse_vol,0.11808111972860369,-15.207607343191892
5,NYSE_recent,2025,multiscale_huber,inverse_vol,-0.18779976854882882,3.803417342663529
5,NYSE_recent,2025,multiscale_huber,buffer_equal,-0.3960798253622914,-20.137547772543464
5,NYSE_recent,2025,multiscale_huber,buffer_inverse_vol,-0.5528610231333408,-16.705976734226162
5,NYSE_recent,2025,ridge,inverse_vol,-0.08367115810938841,4.228716169723597
5,NYSE_recent,2025,ridge,buffer_equal,-0.26145696500316473,-16.440811912338702
5,NYSE_recent,2025,ridge,buffer_inverse_vol,-0.37143162471906144,-12.188838763606803
5,NYSE_recent,2025,momentum126,inverse_vol,0.1116450641162341,3.482719548574334
5,NYSE_recent,2025,momentum126,buffer_equal,-0.01797600902345814,-10.414968709433861
5,NYSE_recent,2025,momentum126,buffer_inverse_vol,0.041457093537018375,-9.132828960011167
5,NYSE_recent,2025,reversal5,inverse_vol,-0.36449423292660954,0.9965078394018008
5,NYSE_recent,2025,reversal5,buffer_equal,0.49300094409554507,-14.452830661686392
5,NYSE_recent,2025,reversal5,buffer_inverse_vol,0.2705230016828269,-12.664414472743083
5,NASDAQ_recent,2022,think,inverse_vol,-0.10275873170382727,-4.325953514482265
5,NASDAQ_recent,2022,think,buffer_equal,0.02230165270492457,-16.706877376072875
5,NASDAQ_recent,2022,think,buffer_inverse_vol,-0.05279001121280019,-18.502869214339327
5,NASDAQ_recent,2022,think_rank,inverse_vol,-0.049899452729580074,-3.744605087517243
5,NASDAQ_recent,2022,think_rank,buffer_equal,-0.1102763635955254,-14.243333180560118
5,NASDAQ_recent,2022,think_rank,buffer_inverse_vol,-0.11359682487054024,-16.090933001606157
5,NASDAQ_recent,2022,think_gate,inverse_vol,-0.08886552564992267,-3.0964749061263745
5,NASDAQ_recent,2022,think_gate,buffer_equal,-0.06458654163208277,-15.600780241031785
5,NASDAQ_recent,2022,think_gate,buffer_inverse_vol,0.012816670779637163,-17.84519680635148
5,NASDAQ_recent,2022,think_mix,inverse_vol,0.045110075390824234,-0.357392895285912
5,NASDAQ_recent,2022,think_mix,buffer_equal,0.15311730475492014,-6.2047854647464735
5,NASDAQ_recent,2022,think_mix,buffer_inverse_vol,0.20957639747276469,-5.934507187554514
5,NASDAQ_recent,2022,think_risk,inverse_vol,-0.05125324225975325,-4.3876715724153925
5,NASDAQ_recent,2022,think_risk,buffer_equal,-0.03616050068023147,-23.468598330160724
5,NASDAQ_recent,2022,think_risk,buffer_inverse_vol,-0.0402997990942251,-24.767286946346182
5,NASDAQ_recent,2022,mlp,inverse_vol,-0.2150966937325885,2.2689684053287564
5,NASDAQ_recent,2022,mlp,buffer_equal,0.118314255192581,-13.746859045314508
5,NASDAQ_recent,2022,mlp,buffer_inverse_vol,0.0698833935747415,-12.386567612745349
5,NASDAQ_recent,2022,lstm,inverse_vol,-0.3942154205864454,0.43085456232395103
5,NASDAQ_recent,2022,lstm,buffer_equal,0.06849344880704639,-15.069501429697048
5,NASDAQ_recent,2022,lstm,buffer_inverse_vol,-0.18932064458673664,-14.871877858647544
5,NASDAQ_recent,2022,stockmixer,inverse_vol,-0.1012242122174602,0.35849561569078503
5,NASDAQ_recent,2022,stockmixer,buffer_equal,-0.1905280044359128,-17.048743523056174
5,NASDAQ_recent,2022,stockmixer,buffer_inverse_vol,-0.2054006729234696,-17.04792727719132
5,NASDAQ_recent,2022,market_transformer,inverse_vol,-0.07747288886648807,0.3028967895578276
5,NASDAQ_recent,2022,market_transformer,buffer_equal,0.004035444226011542,-12.948205461962921
5,NASDAQ_recent,2022,market_transformer,buffer_inverse_vol,-0.03560715646269519,-12.274171770238468
5,NASDAQ_recent,2022,think_huber,inverse_vol,-0.055474647823554935,-4.865900456997565
5,NASDAQ_recent,2022,think_huber,buffer_equal,0.1489884064549174,-18.79488345121891
5,NASDAQ_recent,2022,think_huber,buffer_inverse_vol,0.048108858273358424,-20.35264120359536
5,NASDAQ_recent,2022,think_mix_huber,inverse_vol,0.009320118378045139,-0.12882760955597305
5,NASDAQ_recent,2022,think_mix_huber,buffer_equal,0.06379494631182903,-2.7728321759572707
5,NASDAQ_recent,2022,think_mix_huber,buffer_inverse_vol,0.09062849233809889,-2.4989669193033692
5,NASDAQ_recent,2022,stockmixer_huber,inverse_vol,-0.0780502536839642,0.3757861423270441
5,NASDAQ_recent,2022,stockmixer_huber,buffer_equal,-0.2038880767878091,-19.129317151427266
5,NASDAQ_recent,2022,stockmixer_huber,buffer_inverse_vol,-0.1815531126918665,-17.882226966209927
5,NASDAQ_recent,2022,think_mix_shrink,inverse_vol,0.034505995125399425,-1.4129927836060787
5,NASDAQ_recent,2022,think_mix_shrink,buffer_equal,0.14077743514243968,-13.308165989545442
5,NASDAQ_recent,2022,think_mix_shrink,buffer_inverse_vol,0.18983666700434826,-12.871555226936671
5,NASDAQ_recent,2022,think_mix_shrink_huber,inverse_vol,0.04349138674838393,-1.4579852092436418
5,NASDAQ_recent,2022,think_mix_shrink_huber,buffer_equal,0.17733867613030024,-14.020672201541235
5,NASDAQ_recent,2022,think_mix_shrink_huber,buffer_inverse_vol,0.1781938037340614,-13.894381743725228
5,NASDAQ_recent,2022,multiscale_mse,inverse_vol,0.020072717094636816,1.383047545705331
5,NASDAQ_recent,2022,multiscale_mse,buffer_equal,-0.09396232457189674,-19.20552051148634
5,NASDAQ_recent,2022,multiscale_mse,buffer_inverse_vol,-0.23533276019577104,-17.718142219692268
5,NASDAQ_recent,2022,multiscale_huber,inverse_vol,-0.02655837681414641,-1.1298145319403758
5,NASDAQ_recent,2022,multiscale_huber,buffer_equal,-0.16240614451855673,-18.871089689176216
5,NASDAQ_recent,2022,multiscale_huber,buffer_inverse_vol,-0.2400975367058923,-18.49469466956834
5,NASDAQ_recent,2022,ridge,inverse_vol,-0.2239777706339271,2.483139628827047
5,NASDAQ_recent,2022,ridge,buffer_equal,0.13657658588124388,-14.30497171520652
5,NASDAQ_recent,2022,ridge,buffer_inverse_vol,-0.07785961320612922,-11.39138848621554
5,NASDAQ_recent,2022,momentum126,inverse_vol,-0.25589437107338675,0.9267868693572012
5,NASDAQ_recent,2022,momentum126,buffer_equal,-0.07752707887134669,-10.624537706308383
5,NASDAQ_recent,2022,momentum126,buffer_inverse_vol,-0.19640551480984936,-9.752028198475767
5,NASDAQ_recent,2022,reversal5,inverse_vol,0.01382362561319228,1.1908044274943705
5,NASDAQ_recent,2022,reversal5,buffer_equal,0.2045806335412106,-13.030463517390004
5,NASDAQ_recent,2022,reversal5,buffer_inverse_vol,0.24334571622306822,-12.158759425499348
5,NASDAQ_recent,2023,think,inverse_vol,-0.0523242260112082,-3.1529653018939285
5,NASDAQ_recent,2023,think,buffer_equal,-0.10356961095812281,-17.322783842424002
5,NASDAQ_recent,2023,think,buffer_inverse_vol,-0.0860757673617665,-18.92921808872508
5,NASDAQ_recent,2023,think_rank,inverse_vol,-0.1265282350950614,-4.412833005140669
5,NASDAQ_recent,2023,think_rank,buffer_equal,-0.23191457599124088,-16.277311001263072
5,NASDAQ_recent,2023,think_rank,buffer_inverse_vol,-0.07196417764708707,-18.27153916967746
5,NASDAQ_recent,2023,think_gate,inverse_vol,0.014696308939353586,-2.4315100840980293
5,NASDAQ_recent,2023,think_gate,buffer_equal,0.026631309442003592,-17.07608264785317
5,NASDAQ_recent,2023,think_gate,buffer_inverse_vol,0.2062498513586214,-18.36705490637128
5,NASDAQ_recent,2023,think_mix,inverse_vol,-0.08886406859438245,2.194930137789849
5,NASDAQ_recent,2023,think_mix,buffer_equal,-0.020470576697403153,-1.6443622992116897
5,NASDAQ_recent,2023,think_mix,buffer_inverse_vol,-0.18064167138419518,-0.5223037354113336
5,NASDAQ_recent,2023,think_risk,inverse_vol,0.152328842099837,-2.7018117738696787
5,NASDAQ_recent,2023,think_risk,buffer_equal,-0.0896253611703069,-14.689284309150622
5,NASDAQ_recent,2023,think_risk,buffer_inverse_vol,0.1623787400168769,-16.341968906304693
5,NASDAQ_recent,2023,mlp,inverse_vol,0.19797207915917153,2.666981788797642
5,NASDAQ_recent,2023,mlp,buffer_equal,0.522326955706955,-17.244109860839075
5,NASDAQ_recent,2023,mlp,buffer_inverse_vol,0.6632772231917268,-14.986858177461805
5,NASDAQ_recent,2023,lstm,inverse_vol,0.27909408854435924,-1.192768634637325
5,NASDAQ_recent,2023,lstm,buffer_equal,0.2873116994279524,-11.878238311052762
5,NASDAQ_recent,2023,lstm,buffer_inverse_vol,0.49488872281016427,-13.278149774811006
5,NASDAQ_recent,2023,stockmixer,inverse_vol,0.11785065282069196,3.9262983678075827
5,NASDAQ_recent,2023,stockmixer,buffer_equal,0.19048225345938463,-16.480606102543035
5,NASDAQ_recent,2023,stockmixer,buffer_inverse_vol,0.2570120819247015,-13.289142950595476
5,NASDAQ_recent,2023,market_transformer,inverse_vol,0.08277658126873311,2.1264458905339367
5,NASDAQ_recent,2023,market_transformer,buffer_equal,-0.0988737838108758,-17.453418354161265
5,NASDAQ_recent,2023,market_transformer,buffer_inverse_vol,0.03339354400290473,-16.61337502500379
5,NASDAQ_recent,2023,think_huber,inverse_vol,0.048290752317256325,-3.9213109962514565
5,NASDAQ_recent,2023,think_huber,buffer_equal,-0.0367802437776682,-14.947227371208875
5,NASDAQ_recent,2023,think_huber,buffer_inverse_vol,-0.059803296314583365,-18.35502024521568
5,NASDAQ_recent,2023,think_mix_huber,inverse_vol,-0.25951310751186285,1.6496430429014879
5,NASDAQ_recent,2023,think_mix_huber,buffer_equal,-0.1610902217484167,-1.4374385392707922
5,NASDAQ_recent,2023,think_mix_huber,buffer_inverse_vol,-0.3995433033325495,-0.2516707639968452
5,NASDAQ_recent,2023,stockmixer_huber,inverse_vol,-0.0680978525388561,2.4246451319567512
5,NASDAQ_recent,2023,stockmixer_huber,buffer_equal,-0.08601508443447489,-19.755737858198415
5,NASDAQ_recent,2023,stockmixer_huber,buffer_inverse_vol,-0.21501652398798332,-18.17004244073035
5,NASDAQ_recent,2023,think_mix_shrink,inverse_vol,-0.08007639842461911,1.907681736660841
5,NASDAQ_recent,2023,think_mix_shrink,buffer_equal,0.003859013530636446,-2.3443481069208185
5,NASDAQ_recent,2023,think_mix_shrink,buffer_inverse_vol,-0.15631208115615558,-1.2222895431204623
5,NASDAQ_recent,2023,think_mix_shrink_huber,inverse_vol,-0.20317778933521946,2.169237898231528
5,NASDAQ_recent,2023,think_mix_shrink_huber,buffer_equal,-0.09574735374550514,-2.1718760355666835
5,NASDAQ_recent,2023,think_mix_shrink_huber,buffer_inverse_vol,-0.33420043532963795,-0.9861082602927365
5,NASDAQ_recent,2023,multiscale_mse,inverse_vol,0.04990982945847455,3.3424206719600207
5,NASDAQ_recent,2023,multiscale_mse,buffer_equal,0.33229305468630344,-19.92629017499957
5,NASDAQ_recent,2023,multiscale_mse,buffer_inverse_vol,0.4205602236901602,-17.509210669716595
5,NASDAQ_recent,2023,multiscale_huber,inverse_vol,0.0400454099560148,2.0673949379315815
5,NASDAQ_recent,2023,multiscale_huber,buffer_equal,0.1881476401083897,-23.63008310704558
5,NASDAQ_recent,2023,multiscale_huber,buffer_inverse_vol,0.137958560695415,-21.903891670226194
5,NASDAQ_recent,2023,ridge,inverse_vol,0.1780541459134547,4.121517765530044
5,NASDAQ_recent,2023,ridge,buffer_equal,-0.15587092337132114,-14.598575543040077
5,NASDAQ_recent,2023,ridge,buffer_inverse_vol,0.16175936943610092,-11.163904177049147
5,NASDAQ_recent,2023,momentum126,inverse_vol,0.12246491527023157,2.5296202569857016
5,NASDAQ_recent,2023,momentum126,buffer_equal,0.007580115800491505,-9.12821177197508
5,NASDAQ_recent,2023,momentum126,buffer_inverse_vol,0.12443698949595688,-7.803965601147759
5,NASDAQ_recent,2023,reversal5,inverse_vol,-0.017348175460870308,2.797410929236122
5,NASDAQ_recent,2023,reversal5,buffer_equal,-0.5951020446210222,-17.13434812265168
5,NASDAQ_recent,2023,reversal5,buffer_inverse_vol,-0.516628861192352,-14.43065876051812
5,NASDAQ_recent,2024,think,inverse_vol,0.05727469056730228,-0.28455520898200604
5,NASDAQ_recent,2024,think,buffer_equal,-0.09226953706596319,-17.472158582757814
5,NASDAQ_recent,2024,think,buffer_inverse_vol,0.04362502342705876,-17.73471167847927
5,NASDAQ_recent,2024,think_rank,inverse_vol,0.1437586399640456,0.3663013603031047
5,NASDAQ_recent,2024,think_rank,buffer_equal,0.1764649388104199,-20.05641848870265
5,NASDAQ_recent,2024,think_rank,buffer_inverse_vol,0.19956444770826065,-19.87450174277278
5,NASDAQ_recent,2024,think_gate,inverse_vol,0.14437809905143262,-0.5930243345463495
5,NASDAQ_recent,2024,think_gate,buffer_equal,0.12276809874518269,-17.95730026875988
5,NASDAQ_recent,2024,think_gate,buffer_inverse_vol,0.1820139734650006,-17.320379342118994
5,NASDAQ_recent,2024,think_mix,inverse_vol,-0.1998644949595033,1.6684919056896899
5,NASDAQ_recent,2024,think_mix,buffer_equal,-0.347722366633173,-11.39783718872913
5,NASDAQ_recent,2024,think_mix,buffer_inverse_vol,-0.48249890446572274,-10.602570760750261
5,NASDAQ_recent,2024,think_risk,inverse_vol,-0.10340860696434878,-1.043361522583652
5,NASDAQ_recent,2024,think_risk,buffer_equal,0.18691005833358992,-27.23671381735113
5,NASDAQ_recent,2024,think_risk,buffer_inverse_vol,0.34135011136686483,-27.955101759997223
5,NASDAQ_recent,2024,mlp,inverse_vol,-0.0502000669688834,3.8638313147611925
5,NASDAQ_recent,2024,mlp,buffer_equal,-0.0407103151394404,-17.53581996170729
5,NASDAQ_recent,2024,mlp,buffer_inverse_vol,-0.0765500614919897,-15.30785232413054
5,NASDAQ_recent,2024,lstm,inverse_vol,-0.0955682646044759,3.8896358813299514
5,NASDAQ_recent,2024,lstm,buffer_equal,0.6881958163330165,-16.020185537763734
5,NASDAQ_recent,2024,lstm,buffer_inverse_vol,0.6122418754411073,-14.235868726893148
5,NASDAQ_recent,2024,stockmixer,inverse_vol,-0.005610305283836325,3.159707318078091
5,NASDAQ_recent,2024,stockmixer,buffer_equal,0.17523271403126595,-24.239001530295226
5,NASDAQ_recent,2024,stockmixer,buffer_inverse_vol,0.060312350269316584,-22.949237482212137
5,NASDAQ_recent,2024,market_transformer,inverse_vol,0.08375974056068253,2.9733455948670766
5,NASDAQ_recent,2024,market_transformer,buffer_equal,0.23617094160566915,-13.362942176716537
5,NASDAQ_recent,2024,market_transformer,buffer_inverse_vol,0.2698840541057561,-10.93745541805687
5,NASDAQ_recent,2024,think_huber,inverse_vol,0.1463074339902859,-1.072675356390853
5,NASDAQ_recent,2024,think_huber,buffer_equal,0.937055743905853,-20.923315760566208
5,NASDAQ_recent,2024,think_huber,buffer_inverse_vol,1.1432752487642204,-21.018315550795545
5,NASDAQ_recent,2024,think_mix_huber,inverse_vol,-0.05128197983989802,2.105729859571319
5,NASDAQ_recent,2024,think_mix_huber,buffer_equal,-0.2943727944483301,-9.651816646691634
5,NASDAQ_recent,2024,think_mix_huber,buffer_inverse_vol,-0.2264373620478619,-8.49980847204409
5,NASDAQ_recent,2024,stockmixer_huber,inverse_vol,0.1584889324738669,1.1589002130940287
5,NASDAQ_recent,2024,stockmixer_huber,buffer_equal,0.4713937337369517,-22.555871907076856
5,NASDAQ_recent,2024,stockmixer_huber,buffer_inverse_vol,0.486187399268721,-20.32114076140251
5,NASDAQ_recent,2024,think_mix_shrink,inverse_vol,0.04433672389313825,2.6002541418785725
5,NASDAQ_recent,2024,think_mix_shrink,buffer_equal,0.21367602474259795,-20.22952124479381
5,NASDAQ_recent,2024,think_mix_shrink,buffer_inverse_vol,0.40344904880037213,-18.369741674397144
5,NASDAQ_recent,2024,think_mix_shrink_huber,inverse_vol,0.11732583703173649,1.1159950119310302
5,NASDAQ_recent,2024,think_mix_shrink_huber,buffer_equal,0.19004103178281784,-14.467162414706154
5,NASDAQ_recent,2024,think_mix_shrink_huber,buffer_inverse_vol,0.42441693265332536,-13.32015764698099
5,NASDAQ_recent,2024,multiscale_mse,inverse_vol,-0.1734662052201923,2.574950759586528
5,NASDAQ_recent,2024,multiscale_mse,buffer_equal,0.54208145857292,-22.3104634258589
5,NASDAQ_recent,2024,multiscale_mse,buffer_inverse_vol,0.3533479411758067,-19.885653691678602
5,NASDAQ_recent,2024,multiscale_huber,inverse_vol,-0.065441111898249,4.13996089078978
5,NASDAQ_recent,2024,multiscale_huber,buffer_equal,0.2335283492189846,-18.169350757430095
5,NASDAQ_recent,2024,multiscale_huber,buffer_inverse_vol,0.0807280024096578,-15.213037766286977
5,NASDAQ_recent,2024,ridge,inverse_vol,-0.14603627472914849,2.811129328512564
5,NASDAQ_recent,2024,ridge,buffer_equal,0.7540363585207694,-15.005781610393576
5,NASDAQ_recent,2024,ridge,buffer_inverse_vol,0.7794632020365463,-11.961880622770444
5,NASDAQ_recent,2024,momentum126,inverse_vol,-0.2358034884539755,2.2484362643205884
5,NASDAQ_recent,2024,momentum126,buffer_equal,0.2644202873622069,-8.503586082839856
5,NASDAQ_recent,2024,momentum126,buffer_inverse_vol,0.1281409861061541,-6.966574859114962
5,NASDAQ_recent,2024,reversal5,inverse_vol,-0.031178472437352278,3.9637372876077848
5,NASDAQ_recent,2024,reversal5,buffer_equal,0.3985486680612507,-13.921416884361648
5,NASDAQ_recent,2024,reversal5,buffer_inverse_vol,0.35219774311301083,-10.446749367670428
5,NASDAQ_recent,2025,think,inverse_vol,-0.16420417609159887,-1.9678300081873168
5,NASDAQ_recent,2025,think,buffer_equal,-0.20789903038568425,-13.512553905176732
5,NASDAQ_recent,2025,think,buffer_inverse_vol,-0.20589296086718212,-14.218894503441806
5,NASDAQ_recent,2025,think_rank,inverse_vol,-0.013811137590734823,-2.2552536509728043
5,NASDAQ_recent,2025,think_rank,buffer_equal,-0.25953979368620517,-16.11254191515874
5,NASDAQ_recent,2025,think_rank,buffer_inverse_vol,-0.16459523145046318,-16.6694923914712
5,NASDAQ_recent,2025,think_gate,inverse_vol,-0.17811576120533845,-2.233768549172158
5,NASDAQ_recent,2025,think_gate,buffer_equal,-0.0598849537482502,-13.33502944818281
5,NASDAQ_recent,2025,think_gate,buffer_inverse_vol,-0.21727450033348217,-13.67640596443532
5,NASDAQ_recent,2025,think_mix,inverse_vol,-0.13011298963234558,1.0891023188038673
5,NASDAQ_recent,2025,think_mix,buffer_equal,-0.02005856146985341,-13.390249515308971
5,NASDAQ_recent,2025,think_mix,buffer_inverse_vol,-0.04979803785756337,-12.463381099445183
5,NASDAQ_recent,2025,think_risk,inverse_vol,-0.26969342219613873,-1.2988063784378383
5,NASDAQ_recent,2025,think_risk,buffer_equal,0.44484183275998546,-27.483121117070272
5,NASDAQ_recent,2025,think_risk,buffer_inverse_vol,0.2027179648188151,-27.785083833114747
5,NASDAQ_recent,2025,mlp,inverse_vol,-0.2457055045114367,4.158333922788891
5,NASDAQ_recent,2025,mlp,buffer_equal,0.05687056188171691,-14.015560409543095
5,NASDAQ_recent,2025,mlp,buffer_inverse_vol,-0.22334181679677045,-10.725497720375664
5,NASDAQ_recent,2025,lstm,inverse_vol,-0.07717492571616447,3.465435504344498
5,NASDAQ_recent,2025,lstm,buffer_equal,0.03549405432271824,-11.995762973563235
5,NASDAQ_recent,2025,lstm,buffer_inverse_vol,0.027001010715594687,-9.840146286055674
5,NASDAQ_recent,2025,stockmixer,inverse_vol,-0.137172509576311,4.723167133357023
5,NASDAQ_recent,2025,stockmixer,buffer_equal,-0.15137885363982417,-26.116895493837845
5,NASDAQ_recent,2025,stockmixer,buffer_inverse_vol,-0.2831966844832947,-23.478749064823344
5,NASDAQ_recent,2025,market_transformer,inverse_vol,-0.0767603849935916,1.9197773143314052
5,NASDAQ_recent,2025,market_transformer,buffer_equal,0.0638057270754806,-14.123004642350423
5,NASDAQ_recent,2025,market_transformer,buffer_inverse_vol,0.026720592681915206,-12.444515923157155
5,NASDAQ_recent,2025,think_huber,inverse_vol,-0.03620116705285048,-3.7634529495293947
5,NASDAQ_recent,2025,think_huber,buffer_equal,-0.11571121626326858,-23.518243944940615
5,NASDAQ_recent,2025,think_huber,buffer_inverse_vol,-0.0076313273251820135,-24.33586933178699
5,NASDAQ_recent,2025,think_mix_huber,inverse_vol,0.12779713806231496,0.24570072351286143
5,NASDAQ_recent,2025,think_mix_huber,buffer_equal,-0.30487483171860347,-11.55785039250136
5,NASDAQ_recent,2025,think_mix_huber,buffer_inverse_vol,-0.26700080774848645,-10.733745349922868
5,NASDAQ_recent,2025,stockmixer_huber,inverse_vol,-0.2267848144026678,4.247166660499552
5,NASDAQ_recent,2025,stockmixer_huber,buffer_equal,0.3326971529597893,-21.55545564425146
5,NASDAQ_recent,2025,stockmixer_huber,buffer_inverse_vol,0.2547720629038325,-18.547806294964644
5,NASDAQ_recent,2025,think_mix_shrink,inverse_vol,-0.05506201865052074,-0.6871134866836499
5,NASDAQ_recent,2025,think_mix_shrink,buffer_equal,0.07674303623848089,-22.529511713484943
5,NASDAQ_recent,2025,think_mix_shrink,buffer_inverse_vol,-0.03662495683503575,-22.1165802861966
5,NASDAQ_recent,2025,think_mix_shrink_huber,inverse_vol,0.06709834697292988,-1.990142669204694
5,NASDAQ_recent,2025,think_mix_shrink_huber,buffer_equal,0.09414934313792983,-24.707867777960637
5,NASDAQ_recent,2025,think_mix_shrink_huber,buffer_inverse_vol,0.17849073671874233,-23.920980616729707
5,NASDAQ_recent,2025,multiscale_mse,inverse_vol,-0.2057256416505635,3.62002356536847
5,NASDAQ_recent,2025,multiscale_mse,buffer_equal,-0.18224570048614053,-18.593077026860808
5,NASDAQ_recent,2025,multiscale_mse,buffer_inverse_vol,-0.46760891448842967,-16.390877679563825
5,NASDAQ_recent,2025,multiscale_huber,inverse_vol,-0.24137977090529977,1.6759519021559157
5,NASDAQ_recent,2025,multiscale_huber,buffer_equal,0.34198956012695236,-18.13552996740666
5,NASDAQ_recent,2025,multiscale_huber,buffer_inverse_vol,0.1368375731620903,-16.156792020883294
5,NASDAQ_recent,2025,ridge,inverse_vol,-0.15568174174576538,3.422245968973243
5,NASDAQ_recent,2025,ridge,buffer_equal,0.21540814420544746,-14.924065466571058
5,NASDAQ_recent,2025,ridge,buffer_inverse_vol,0.09828096967248573,-11.428094004082396
5,NASDAQ_recent,2025,momentum126,inverse_vol,-0.23832306125032118,4.229606146519579
5,NASDAQ_recent,2025,momentum126,buffer_equal,0.2504857922542046,-11.341283853633014
5,NASDAQ_recent,2025,momentum126,buffer_inverse_vol,0.023168563573951417,-9.919853428707478
5,NASDAQ_recent,2025,reversal5,inverse_vol,-0.2324758526475147,3.742158092377892
5,NASDAQ_recent,2025,reversal5,buffer_equal,-0.08241243605772997,-12.653058912439313
5,NASDAQ_recent,2025,reversal5,buffer_inverse_vol,-0.3966514229283904,-9.212589766179988
1,NYSE_recent,2022,think,inverse_vol,-0.1104994897652739,-11.438902324056244
1,NYSE_recent,2022,think,buffer_equal,0.5381162037448083,-79.19378321758063
1,NYSE_recent,2022,think,buffer_inverse_vol,0.3935909613752475,-85.85239778744943
1,NYSE_recent,2022,think_huber,inverse_vol,0.1404202957881513,-20.234124048320496
1,NYSE_recent,2022,think_huber,buffer_equal,0.36981231614070387,-79.06804177347374
1,NYSE_recent,2022,think_huber,buffer_inverse_vol,0.20982157958358183,-92.10222339721653
1,NYSE_recent,2022,think_mix,inverse_vol,-0.005666915106319892,8.174422703939918
1,NYSE_recent,2022,think_mix,buffer_equal,-0.04224276705365282,-34.653241231948456
1,NYSE_recent,2022,think_mix,buffer_inverse_vol,-0.02370782824914086,-33.79723564674064
1,NYSE_recent,2022,think_mix_huber,inverse_vol,0.12109725338970934,0.5109697579017283
1,NYSE_recent,2022,think_mix_huber,buffer_equal,0.014425290492301679,-7.030860831379748
1,NYSE_recent,2022,think_mix_huber,buffer_inverse_vol,0.1517359012734083,-6.313033624235147
1,NYSE_recent,2022,stockmixer,inverse_vol,-0.13607489475040913,12.088036265539898
1,NYSE_recent,2022,stockmixer,buffer_equal,0.5312975379461345,-100.54265355506091
1,NYSE_recent,2022,stockmixer,buffer_inverse_vol,0.4145106575753057,-93.41139550349102
1,NYSE_recent,2022,stockmixer_huber,inverse_vol,-0.06694153769638711,6.969226691403065
1,NYSE_recent,2022,stockmixer_huber,buffer_equal,-0.04268581643515512,-92.99374348371813
1,NYSE_recent,2022,stockmixer_huber,buffer_inverse_vol,-0.21468217760143182,-85.07817809784763
1,NYSE_recent,2022,multiscale_mse,inverse_vol,-0.03671398457380137,9.375544609527793
1,NYSE_recent,2022,multiscale_mse,buffer_equal,0.24337056152880832,-86.11505464553572
1,NYSE_recent,2022,multiscale_mse,buffer_inverse_vol,0.21021381416337603,-81.98287455836406
1,NYSE_recent,2022,multiscale_huber,inverse_vol,-0.13600054570062992,4.78612832107504
1,NYSE_recent,2022,multiscale_huber,buffer_equal,0.5496118439695244,-102.22931020029047
1,NYSE_recent,2022,multiscale_huber,buffer_inverse_vol,0.42347840774668877,-95.3840843388135
1,NYSE_recent,2022,ridge,inverse_vol,-0.1159797516910488,-4.010526138373393
1,NYSE_recent,2022,ridge,buffer_equal,0.09086882103514782,-63.17799821672037
1,NYSE_recent,2022,ridge,buffer_inverse_vol,-0.07005344955412651,-57.68128404221085
1,NYSE_recent,2022,momentum126,inverse_vol,-0.06355160974057061,3.849415061363672
1,NYSE_recent,2022,momentum126,buffer_equal,0.07071147722851934,-29.76366699531819
1,NYSE_recent,2022,momentum126,buffer_inverse_vol,0.09149732079744188,-29.07787327571169
1,NYSE_recent,2022,reversal5,inverse_vol,-0.10600087521336443,6.317149245888373
1,NYSE_recent,2022,reversal5,buffer_equal,0.24322839286555636,-56.21149003237484
1,NYSE_recent,2022,reversal5,buffer_inverse_vol,0.17137338416844788,-52.0878988487689
1,NYSE_recent,2023,think,inverse_vol,-0.22267646160082477,-18.931845818549192
1,NYSE_recent,2023,think,buffer_equal,0.631367917570701,-98.80062396305883
1,NYSE_recent,2023,think,buffer_inverse_vol,0.4083228197793623,-109.31613499995845
1,NYSE_recent,2023,think_huber,inverse_vol,-0.09430523170736993,-20.247255510576792
1,NYSE_recent,2023,think_huber,buffer_equal,0.7674863631375524,-92.76429186649631
1,NYSE_recent,2023,think_huber,buffer_inverse_vol,0.569940640923819,-103.51930749083567
1,NYSE_recent,2023,think_mix,inverse_vol,-0.014827947069118497,1.416132785034831
1,NYSE_recent,2023,think_mix,buffer_equal,0.0,0.0
1,NYSE_recent,2023,think_mix,buffer_inverse_vol,-0.014827947069118497,1.416132785034831
1,NYSE_recent,2023,think_mix_huber,inverse_vol,-0.008864261192747303,1.9017245713365973
1,NYSE_recent,2023,think_mix_huber,buffer_equal,0.0044980966576275705,-0.647644232833696
1,NYSE_recent,2023,think_mix_huber,buffer_inverse_vol,-0.010329850411490926,0.7684885522011351
1,NYSE_recent,2023,stockmixer,inverse_vol,-0.1934828730444227,17.350144331134373
1,NYSE_recent,2023,stockmixer,buffer_equal,0.1880305130332517,-97.35050192823556
1,NYSE_recent,2023,stockmixer,buffer_inverse_vol,0.2694740093655677,-86.69715266528237
1,NYSE_recent,2023,stockmixer_huber,inverse_vol,-0.1526029222307412,10.326154790524157
1,NYSE_recent,2023,stockmixer_huber,buffer_equal,0.5107373842915385,-83.07210184083732
1,NYSE_recent,2023,stockmixer_huber,buffer_inverse_vol,0.4700986370315548,-74.2642028911707
1,NYSE_recent,2023,multiscale_mse,inverse_vol,0.005987361017092185,21.37768905560617
1,NYSE_recent,2023,multiscale_mse,buffer_equal,0.1311139837409758,-91.0169892239685
1,NYSE_recent,2023,multiscale_mse,buffer_inverse_vol,-0.014048950861411003,-81.09155115996676
1,NYSE_recent,2023,multiscale_huber,inverse_vol,-0.0718767912880579,10.405076162848587
1,NYSE_recent,2023,multiscale_huber,buffer_equal,0.5455276407147218,-99.70962209075297
1,NYSE_recent,2023,multiscale_huber,buffer_inverse_vol,0.5932962114557249,-91.36434208252355
1,NYSE_recent,2023,ridge,inverse_vol,-0.056359091981375564,10.59558389601682
1,NYSE_recent,2023,ridge,buffer_equal,-0.11439648660575907,-71.53318378589864
1,NYSE_recent,2023,ridge,buffer_inverse_vol,-0.3426673175329874,-57.48204866384731
1,NYSE_recent,2023,momentum126,inverse_vol,-0.0929618509923997,9.947960707609369
1,NYSE_recent,2023,momentum126,buffer_equal,0.7248453433803742,-33.58295392068651
1,NYSE_recent,2023,momentum126,buffer_inverse_vol,0.8228546037548959,-31.44329009258331
1,NYSE_recent,2023,reversal5,inverse_vol,-0.026477996281455307,13.41469305442385
1,NYSE_recent,2023,reversal5,buffer_equal,0.1386239112807175,-53.09721718520471
1,NYSE_recent,2023,reversal5,buffer_inverse_vol,0.10409231797678209,-45.9088490690573
1,NYSE_recent,2024,think,inverse_vol,0.06132503254558486,7.194192448083129
1,NYSE_recent,2024,think,buffer_equal,0.3611641304886005,-81.56166960620351
1,NYSE_recent,2024,think,buffer_inverse_vol,0.45513432551758337,-73.1854795170805
1,NYSE_recent,2024,think_huber,inverse_vol,-0.14189944182980985,-18.350602765197493
1,NYSE_recent,2024,think_huber,buffer_equal,0.6754360380652704,-82.90242070367452
1,NYSE_recent,2024,think_huber,buffer_inverse_vol,0.7789760128044222,-94.75138767577408
1,NYSE_recent,2024,think_mix,inverse_vol,0.1141396887816453,6.338567521997689
1,NYSE_recent,2024,think_mix,buffer_equal,0.09005130768019878,-67.82964942192103
1,NYSE_recent,2024,think_mix,buffer_inverse_vol,0.2770154079326186,-65.4708093316757
1,NYSE_recent,2024,think_mix_huber,inverse_vol,0.29690216083776355,-2.0243576917456494
1,NYSE_recent,2024,think_mix_huber,buffer_equal,0.2709403229125892,-66.44458130489554
1,NYSE_recent,2024,think_mix_huber,buffer_inverse_vol,0.4294706918570953,-63.71590163785036
1,NYSE_recent,2024,stockmixer,inverse_vol,0.04628150369052708,17.786303368715664
1,NYSE_recent,2024,stockmixer,buffer_equal,0.07182110255071317,-119.44250874872836
1,NYSE_recent,2024,stockmixer,buffer_inverse_vol,0.1274039496857049,-102.07434933792874
1,NYSE_recent,2024,stockmixer_huber,inverse_vol,-0.2520627577371437,9.724365502338287
1,NYSE_recent,2024,stockmixer_huber,buffer_equal,0.4046600646597125,-107.97313935537079
1,NYSE_recent,2024,stockmixer_huber,buffer_inverse_vol,0.502821549256494,-96.54016632786642
1,NYSE_recent,2024,multiscale_mse,inverse_vol,0.010948478219288793,28.64997019846419
1,NYSE_recent,2024,multiscale_mse,buffer_equal,-0.2207087488752707,-98.76904453552129
1,NYSE_recent,2024,multiscale_mse,buffer_inverse_vol,-0.1820868366352305,-80.59690311870641
1,NYSE_recent,2024,multiscale_huber,inverse_vol,-0.14760277527944388,8.56858172740749
1,NYSE_recent,2024,multiscale_huber,buffer_equal,0.058062180781841444,-88.50849095522335
1,NYSE_recent,2024,multiscale_huber,buffer_inverse_vol,-0.00025933197862959556,-78.11291509246428
1,NYSE_recent,2024,ridge,inverse_vol,-0.15498520131289029,13.737223794578199
1,NYSE_recent,2024,ridge,buffer_equal,0.1659145171252313,-72.99440830031301
1,NYSE_recent,2024,ridge,buffer_inverse_vol,0.04021102999055437,-53.13541523432849
1,NYSE_recent,2024,momentum126,inverse_vol,0.12581503244722547,7.467177272073219
1,NYSE_recent,2024,momentum126,buffer_equal,0.26238682444388417,-22.71734020371091
1,NYSE_recent,2024,momentum126,buffer_inverse_vol,0.4107428765178385,-20.806915881815055
1,NYSE_recent,2024,reversal5,inverse_vol,0.09787193809751116,12.933130980493786
1,NYSE_recent,2024,reversal5,buffer_equal,0.6301656541678123,-53.480610401890104
1,NYSE_recent,2024,reversal5,buffer_inverse_vol,0.827330162716845,-44.315114955294646
1,NYSE_recent,2025,think,inverse_vol,0.0661354709860491,6.4251903977109635
1,NYSE_recent,2025,think,buffer_equal,0.8144354321717892,-98.77750791644002
1,NYSE_recent,2025,think,buffer_inverse_vol,0.8711652173788184,-89.55344477510928
1,NYSE_recent,2025,think_huber,inverse_vol,-0.2377423638532251,-17.24930353480866
1,NYSE_recent,2025,think_huber,buffer_equal,0.5368523646468581,-73.1680382641392
1,NYSE_recent,2025,think_huber,buffer_inverse_vol,0.4441471525030414,-83.88803393864288
1,NYSE_recent,2025,think_mix,inverse_vol,-0.1987387306343471,9.010275264153805
1,NYSE_recent,2025,think_mix,buffer_equal,0.5465533266795977,-91.599435301869
1,NYSE_recent,2025,think_mix,buffer_inverse_vol,0.4108616766125908,-89.77806521140927
1,NYSE_recent,2025,think_mix_huber,inverse_vol,-0.10391084793752792,2.460687476692872
1,NYSE_recent,2025,think_mix_huber,buffer_equal,0.3331043360936401,-21.855375962319016
1,NYSE_recent,2025,think_mix_huber,buffer_inverse_vol,0.32816392186571774,-19.900504998829028
1,NYSE_recent,2025,stockmixer,inverse_vol,-0.49114454517943595,25.570821405356554
1,NYSE_recent,2025,stockmixer,buffer_equal,0.9167869488220098,-109.04823992923713
1,NYSE_recent,2025,stockmixer,buffer_inverse_vol,0.6849553514256588,-92.77910945120513
1,NYSE_recent,2025,stockmixer_huber,inverse_vol,-0.38007668336441736,17.802939347014217
1,NYSE_recent,2025,stockmixer_huber,buffer_equal,0.6135025392428015,-101.21052996735307
1,NYSE_recent,2025,stockmixer_huber,buffer_inverse_vol,0.5017003043672232,-87.4515594630164
1,NYSE_recent,2025,multiscale_mse,inverse_vol,-0.4666683675372527,27.38670020596814
1,NYSE_recent,2025,multiscale_mse,buffer_equal,0.2934225538674955,-96.16223917753736
1,NYSE_recent,2025,multiscale_mse,buffer_inverse_vol,0.08023331378337101,-72.57435499592302
1,NYSE_recent,2025,multiscale_huber,inverse_vol,-0.38259377971671504,22.540983499464176
1,NYSE_recent,2025,multiscale_huber,buffer_equal,0.6084162600639247,-98.31127281539932
1,NYSE_recent,2025,multiscale_huber,buffer_inverse_vol,0.38068882426270917,-76.86057675636758
1,NYSE_recent,2025,ridge,inverse_vol,-0.4617711703636833,16.75795415878133
1,NYSE_recent,2025,ridge,buffer_equal,0.13952482599189908,-65.70683865670259
1,NYSE_recent,2025,ridge,buffer_inverse_vol,-0.2597713332372864,-43.21844275535824
1,NYSE_recent,2025,momentum126,inverse_vol,-0.07938143122242908,10.911713719592171
1,NYSE_recent,2025,momentum126,buffer_equal,0.07818713403546101,-30.823808930065788
1,NYSE_recent,2025,momentum126,buffer_inverse_vol,0.1452447433732444,-29.059635458318475
1,NYSE_recent,2025,reversal5,inverse_vol,-0.2282167100714333,13.52012249585286
1,NYSE_recent,2025,reversal5,buffer_equal,0.1171649992066637,-57.14177888542106
1,NYSE_recent,2025,reversal5,buffer_inverse_vol,-0.14271080389622037,-51.4452463721085
1,NASDAQ_recent,2022,think,inverse_vol,-0.28314953744687466,-10.957219624125514
1,NASDAQ_recent,2022,think,buffer_equal,0.4366028701615605,-83.92734381974111
1,NASDAQ_recent,2022,think,buffer_inverse_vol,0.29429141987139373,-89.51134598255697
1,NASDAQ_recent,2022,think_huber,inverse_vol,-0.0033625729302964036,-22.969667235610558
1,NASDAQ_recent,2022,think_huber,buffer_equal,0.22220552048025488,-87.60318449641144
1,NASDAQ_recent,2022,think_huber,buffer_inverse_vol,0.14128373420983675,-101.6808812210694
1,NASDAQ_recent,2022,think_mix,inverse_vol,0.0626679729906392,2.565793076659606
1,NASDAQ_recent,2022,think_mix,buffer_equal,-0.005893478755573667,-17.223240946356235
1,NASDAQ_recent,2022,think_mix,buffer_inverse_vol,0.06113388187942426,-16.601317507157084
1,NASDAQ_recent,2022,think_mix_huber,inverse_vol,0.03228401573719342,0.6597540834414453
1,NASDAQ_recent,2022,think_mix_huber,buffer_equal,-0.035701698817563465,-11.71459710143711
1,NASDAQ_recent,2022,think_mix_huber,buffer_inverse_vol,0.004045806853869904,-11.094144054760003
1,NASDAQ_recent,2022,stockmixer,inverse_vol,-0.24253912520307586,14.969818073071309
1,NASDAQ_recent,2022,stockmixer,buffer_equal,0.41092839062816877,-103.34470518055065
1,NASDAQ_recent,2022,stockmixer,buffer_inverse_vol,0.2198677632477195,-95.10769529173562
1,NASDAQ_recent,2022,stockmixer_huber,inverse_vol,-0.17252526592621975,13.506001095303361
1,NASDAQ_recent,2022,stockmixer_huber,buffer_equal,0.5904521412063244,-113.15403964513479
1,NASDAQ_recent,2022,stockmixer_huber,buffer_inverse_vol,0.5369330950501812,-103.10061502064349
1,NASDAQ_recent,2022,multiscale_mse,inverse_vol,-0.003140768558454521,16.15006603737865
1,NASDAQ_recent,2022,multiscale_mse,buffer_equal,-0.009946392914505497,-100.50134852067671
1,NASDAQ_recent,2022,multiscale_mse,buffer_inverse_vol,-0.038986093548243395,-93.05056938774436
1,NASDAQ_recent,2022,multiscale_huber,inverse_vol,-0.1520532764304796,12.15644524637105
1,NASDAQ_recent,2022,multiscale_huber,buffer_equal,0.20112327484866432,-113.12756768691364
1,NASDAQ_recent,2022,multiscale_huber,buffer_inverse_vol,0.1229711713267937,-101.23808714302578
1,NASDAQ_recent,2022,ridge,inverse_vol,-0.2927571963904321,5.894448055766077
1,NASDAQ_recent,2022,ridge,buffer_equal,0.13245336468836766,-45.22949601299217
1,NASDAQ_recent,2022,ridge,buffer_inverse_vol,-0.11142758970260247,-35.936318892507245
1,NASDAQ_recent,2022,momentum126,inverse_vol,-0.051827612516408106,2.8932537358621815
1,NASDAQ_recent,2022,momentum126,buffer_equal,0.07760834317159793,-30.561648106737827
1,NASDAQ_recent,2022,momentum126,buffer_inverse_vol,0.024721187125121613,-28.749025641016345
1,NASDAQ_recent,2022,reversal5,inverse_vol,0.03859426028941004,7.9856899621233595
1,NASDAQ_recent,2022,reversal5,buffer_equal,0.09230339740318128,-61.11667590301522
1,NASDAQ_recent,2022,reversal5,buffer_inverse_vol,0.2234490903140589,-55.376412028723976
1,NASDAQ_recent,2023,think,inverse_vol,0.06753326325824083,-15.044564426340145
1,NASDAQ_recent,2023,think,buffer_equal,0.29189407756498376,-93.66380497045643
1,NASDAQ_recent,2023,think,buffer_inverse_vol,0.17174114098672977,-102.22018503001914
1,NASDAQ_recent,2023,think_huber,inverse_vol,0.05690936616087139,-21.462681116340235
1,NASDAQ_recent,2023,think_huber,buffer_equal,0.6067054152519147,-101.91385031333515
1,NASDAQ_recent,2023,think_huber,buffer_inverse_vol,0.7581516744394684,-114.72639696179935
1,NASDAQ_recent,2023,think_mix,inverse_vol,-0.15199337765499144,4.436988263517868
1,NASDAQ_recent,2023,think_mix,buffer_equal,-0.07146343238538655,-4.706261935194703
1,NASDAQ_recent,2023,think_mix,buffer_inverse_vol,-0.23468837121257424,-2.8392978752261495
1,NASDAQ_recent,2023,think_mix_huber,inverse_vol,-0.16459409898765542,7.720789971798311
1,NASDAQ_recent,2023,think_mix_huber,buffer_equal,0.05295276643717994,-5.543737172473862
1,NASDAQ_recent,2023,think_mix_huber,buffer_inverse_vol,-0.11200191588659658,-3.865041876719906
1,NASDAQ_recent,2023,stockmixer,inverse_vol,-0.08942237206227321,19.969651227856815
1,NASDAQ_recent,2023,stockmixer,buffer_equal,0.4762080178846231,-100.60624482713305
1,NASDAQ_recent,2023,stockmixer,buffer_inverse_vol,0.4381064567494788,-88.55901179273727
1,NASDAQ_recent,2023,stockmixer_huber,inverse_vol,-0.1856292524354813,15.265905740076619
1,NASDAQ_recent,2023,stockmixer_huber,buffer_equal,0.6681080196055826,-116.30974471237829
1,NASDAQ_recent,2023,stockmixer_huber,buffer_inverse_vol,0.5898269065219897,-104.37389626347772
1,NASDAQ_recent,2023,multiscale_mse,inverse_vol,-0.04247286967820438,20.335780782112664
1,NASDAQ_recent,2023,multiscale_mse,buffer_equal,0.4007002031471586,-98.81821463617744
1,NASDAQ_recent,2023,multiscale_mse,buffer_inverse_vol,0.39518408832980934,-87.71148222670128
1,NASDAQ_recent,2023,multiscale_huber,inverse_vol,-0.07755210014868563,21.30965289342072
1,NASDAQ_recent,2023,multiscale_huber,buffer_equal,0.790032213958654,-103.23404060172882
1,NASDAQ_recent,2023,multiscale_huber,buffer_inverse_vol,0.8149245029249259,-86.257209071055
1,NASDAQ_recent,2023,ridge,inverse_vol,-0.2616130585320364,19.417142810419477
1,NASDAQ_recent,2023,ridge,buffer_equal,0.4778389253089459,-40.07124998650977
1,NASDAQ_recent,2023,ridge,buffer_inverse_vol,0.24398353225971503,-18.586871619003773
1,NASDAQ_recent,2023,momentum126,inverse_vol,-0.022965642094080585,8.279200207595736
1,NASDAQ_recent,2023,momentum126,buffer_equal,0.09498041837279403,-27.388286630359534
1,NASDAQ_recent,2023,momentum126,buffer_inverse_vol,0.14867033354465242,-25.316022787325124
1,NASDAQ_recent,2023,reversal5,inverse_vol,-0.3403174657039558,13.362920614171685
1,NASDAQ_recent,2023,reversal5,buffer_equal,-0.38871374163785655,-59.171348286101434
1,NASDAQ_recent,2023,reversal5,buffer_inverse_vol,-0.5516020128345689,-51.70411442472988
1,NASDAQ_recent,2024,think,inverse_vol,-0.15002437016525239,10.69218629807898
1,NASDAQ_recent,2024,think,buffer_equal,-0.034781748657350176,-87.44043826394184
1,NASDAQ_recent,2024,think,buffer_inverse_vol,-0.17815552794649991,-77.84714189147573
1,NASDAQ_recent,2024,think_huber,inverse_vol,0.13369098587693584,-0.05844292852356148
1,NASDAQ_recent,2024,think_huber,buffer_equal,0.2536731012670144,-86.96170996859735
1,NASDAQ_recent,2024,think_huber,buffer_inverse_vol,0.3680278739065527,-86.85976342698288
1,NASDAQ_recent,2024,think_mix,inverse_vol,-0.264705976888584,10.577822385301353
1,NASDAQ_recent,2024,think_mix,buffer_equal,0.17075528122685246,-46.50167886817217
1,NASDAQ_recent,2024,think_mix,buffer_inverse_vol,-0.016313918026995777,-44.145369491115964
1,NASDAQ_recent,2024,think_mix_huber,inverse_vol,-0.2982400549956863,14.528960042894944
1,NASDAQ_recent,2024,think_mix_huber,buffer_equal,-0.0900820989569957,-53.144354868865875
1,NASDAQ_recent,2024,think_mix_huber,buffer_inverse_vol,-0.1526850414561337,-51.08760936785337
1,NASDAQ_recent,2024,stockmixer,inverse_vol,-0.11667147421136226,18.777742143931107
1,NASDAQ_recent,2024,stockmixer,buffer_equal,0.2253714264872998,-109.3087266227547
1,NASDAQ_recent,2024,stockmixer,buffer_inverse_vol,0.21118463783456465,-92.90549443866973
1,NASDAQ_recent,2024,stockmixer_huber,inverse_vol,-0.1278011597558848,23.103707705583872
1,NASDAQ_recent,2024,stockmixer_huber,buffer_equal,0.5767342611289437,-104.2093420137476
1,NASDAQ_recent,2024,stockmixer_huber,buffer_inverse_vol,0.442576762359288,-81.14977731611265
1,NASDAQ_recent,2024,multiscale_mse,inverse_vol,0.02721510871662136,18.02413888887463
1,NASDAQ_recent,2024,multiscale_mse,buffer_equal,0.07906400564562488,-99.60958314580526
1,NASDAQ_recent,2024,multiscale_mse,buffer_inverse_vol,0.0026246458468968115,-83.87538239276608
1,NASDAQ_recent,2024,multiscale_huber,inverse_vol,0.14605677907128545,18.0718699639134
1,NASDAQ_recent,2024,multiscale_huber,buffer_equal,0.34929480517613776,-91.32216009141757
1,NASDAQ_recent,2024,multiscale_huber,buffer_inverse_vol,0.33290041136093773,-74.13979672170859
1,NASDAQ_recent,2024,ridge,inverse_vol,-0.0657204498226438,17.24562487999532
1,NASDAQ_recent,2024,ridge,buffer_equal,-0.059400221069345394,-38.433793191829125
1,NASDAQ_recent,2024,ridge,buffer_inverse_vol,-0.09518793730876252,-18.227702353049835
1,NASDAQ_recent,2024,momentum126,inverse_vol,-0.41521503496349654,7.7489951598128854
1,NASDAQ_recent,2024,momentum126,buffer_equal,0.316593397093708,-22.34310074530025
1,NASDAQ_recent,2024,momentum126,buffer_inverse_vol,0.021623954125786105,-19.574321733630107
1,NASDAQ_recent,2024,reversal5,inverse_vol,-0.2974013571485285,15.874907449693438
1,NASDAQ_recent,2024,reversal5,buffer_equal,-0.3160144926601473,-60.329496125738174
1,NASDAQ_recent,2024,reversal5,buffer_inverse_vol,-0.4636657457590568,-51.56580749192143
1,NASDAQ_recent,2025,think,inverse_vol,-0.2419672035156603,12.395128767123936
1,NASDAQ_recent,2025,think,buffer_equal,0.1525213822387322,-96.78255329094017
1,NASDAQ_recent,2025,think,buffer_inverse_vol,-0.05704391754655691,-83.49352246051686
1,NASDAQ_recent,2025,think_huber,inverse_vol,-0.13145910718303644,7.228084829438785
1,NASDAQ_recent,2025,think_huber,buffer_equal,0.544370004061849,-92.3849840059278
1,NASDAQ_recent,2025,think_huber,buffer_inverse_vol,0.4779925766105493,-82.35930669402572
1,NASDAQ_recent,2025,think_mix,inverse_vol,-0.052667251262514425,9.98804229645728
1,NASDAQ_recent,2025,think_mix,buffer_equal,0.0380371904488892,-50.85224068891422
1,NASDAQ_recent,2025,think_mix,buffer_inverse_vol,0.1627100450498783,-48.260508319873075
1,NASDAQ_recent,2025,think_mix_huber,inverse_vol,-0.1168296141165817,11.283248100110328
1,NASDAQ_recent,2025,think_mix_huber,buffer_equal,0.0558021012555079,-50.58425908719633
1,NASDAQ_recent,2025,think_mix_huber,buffer_inverse_vol,0.1849301613671262,-47.22662582264673
1,NASDAQ_recent,2025,stockmixer,inverse_vol,-0.2739870631257783,19.19912760188356
1,NASDAQ_recent,2025,stockmixer,buffer_equal,0.3477599591783219,-115.1367290023633
1,NASDAQ_recent,2025,stockmixer,buffer_inverse_vol,0.22173138580262974,-99.91923745771723
1,NASDAQ_recent,2025,stockmixer_huber,inverse_vol,-0.3622225307290486,16.576964837898856
1,NASDAQ_recent,2025,stockmixer_huber,buffer_equal,0.7383373780997503,-113.88160743650593
1,NASDAQ_recent,2025,stockmixer_huber,buffer_inverse_vol,0.6682215473481495,-98.53797149788153
1,NASDAQ_recent,2025,multiscale_mse,inverse_vol,-0.2562385351508048,18.365285824474427
1,NASDAQ_recent,2025,multiscale_mse,buffer_equal,0.030832548282247907,-107.39597648470196
1,NASDAQ_recent,2025,multiscale_mse,buffer_inverse_vol,-0.2047240779228739,-94.4232868904574
1,NASDAQ_recent,2025,multiscale_huber,inverse_vol,-0.557234848264234,8.468325832312189
1,NASDAQ_recent,2025,multiscale_huber,buffer_equal,0.7260979964316217,-103.07144467352043
1,NASDAQ_recent,2025,multiscale_huber,buffer_inverse_vol,0.2308073396314793,-93.02786629589019
1,NASDAQ_recent,2025,ridge,inverse_vol,-0.2723505912584476,12.540740436041006
1,NASDAQ_recent,2025,ridge,buffer_equal,-0.1554706419470245,-47.46904260188791
1,NASDAQ_recent,2025,ridge,buffer_inverse_vol,-0.5056569304429699,-29.69435708476351
1,NASDAQ_recent,2025,momentum126,inverse_vol,0.04405762038228578,12.012898960210507
1,NASDAQ_recent,2025,momentum126,buffer_equal,-0.2392376386347812,-30.75467623798334
1,NASDAQ_recent,2025,momentum126,buffer_inverse_vol,-0.3301383637473471,-28.13160545163735
1,NASDAQ_recent,2025,reversal5,inverse_vol,-0.0635494952045626,16.4695613058511
1,NASDAQ_recent,2025,reversal5,buffer_equal,0.00859419336736772,-57.30434477628248
1,NASDAQ_recent,2025,reversal5,buffer_inverse_vol,-0.011659748338715581,-48.113841183210724
