dataset,year,model,shared_days,daily_sharpe,five_sharpe,delta_sharpe
NYSE_recent,2022,think,245,-0.6472340067884684,-0.374413221949016,-0.27282078483945243
NYSE_recent,2022,think_huber,245,-1.1247647284539393,-0.41964663247652595,-0.7051180959774133
NYSE_recent,2022,think_mix,245,-0.8960051559776971,-0.9541427440161672,0.05813758803847002
NYSE_recent,2022,think_mix_huber,245,-0.8264757942871901,-0.789106155192867,-0.037369639094323115
NYSE_recent,2022,stockmixer,245,-0.9792795624325633,-0.5621595559857899,-0.4171200064467734
NYSE_recent,2022,stockmixer_huber,245,-0.9336459034409281,-1.0479884699954898,0.11434256655456165
NYSE_recent,2022,multiscale_mse,245,-0.7558180903178644,-0.32352507507584854,-0.43229301524201585
NYSE_recent,2022,multiscale_huber,245,-1.240641090782543,-0.49161919361783857,-0.7490218971647044
NYSE_recent,2022,ridge,245,-1.5299345530260635,-0.45510596031270567,-1.0748285927133578
NYSE_recent,2022,momentum126,245,-0.6220450430707298,-0.6649507316111267,0.04290568854039689
NYSE_recent,2022,reversal5,245,-0.2852383177281321,-0.2662535822189759,-0.018984735509156192
NYSE_recent,2023,think,245,-0.6310094769649303,-0.4254353526980981,-0.20557412426683214
NYSE_recent,2023,think_huber,245,-0.7941391095175621,-0.060269495436824826,-0.7338696140807373
NYSE_recent,2023,think_mix,245,0.9690315975894415,0.9906284749072091,-0.021596877317767604
NYSE_recent,2023,think_mix_huber,245,0.9646673462394951,0.9906284749072091,-0.02596112866771394
NYSE_recent,2023,stockmixer,245,0.12230402246212696,0.7721293286270663,-0.6498253061649393
NYSE_recent,2023,stockmixer_huber,245,-0.1577123449749186,0.29085626193158226,-0.44856860690650086
NYSE_recent,2023,multiscale_mse,245,-0.3183409428392495,0.3980075013093909,-0.7163484441486404
NYSE_recent,2023,multiscale_huber,245,-0.2497170611227839,0.3221479177162634,-0.5718649788390473
NYSE_recent,2023,ridge,245,-0.9122440748019606,0.9999712754130134,-1.9122153502149741
NYSE_recent,2023,momentum126,245,-0.1529678115122055,-0.05731319590842745,-0.09565461560377805
NYSE_recent,2023,reversal5,245,0.35515949983781137,0.6776409914767134,-0.32248149163890205
NYSE_recent,2024,think,245,-1.0407637825925737,-0.6115079259064733,-0.42925585668610045
NYSE_recent,2024,think_huber,245,-1.011985105421084,0.04049215883295171,-1.0524772642540356
NYSE_recent,2024,think_mix,245,0.3301279597184056,1.124906198607581,-0.7947782388891754
NYSE_recent,2024,think_mix_huber,245,0.5710053780990964,0.47013178450543963,0.10087359359365672
NYSE_recent,2024,stockmixer,245,-0.9501061020089424,-0.045943416118983414,-0.904162685889959
NYSE_recent,2024,stockmixer_huber,245,-1.0873267535300586,0.07740103164665317,-1.1647277851767117
NYSE_recent,2024,multiscale_mse,245,-0.7757796447840238,0.3450172244258635,-1.1207968692098873
NYSE_recent,2024,multiscale_huber,245,-0.797105026856096,0.14598468249080948,-0.9430897093469055
NYSE_recent,2024,ridge,245,-1.0135425660096284,-0.6430555676348032,-0.37048699837482524
NYSE_recent,2024,momentum126,245,0.8739843342502437,0.9870704124588849,-0.11308607820864125
NYSE_recent,2024,reversal5,245,-0.7354527731568413,-0.90752798133828,0.17207520818143873
NYSE_recent,2025,think,240,-0.1313925024133599,0.7888398585327879,-0.9202323609461478
NYSE_recent,2025,think_huber,240,-0.21620285637628328,0.9058143571790734,-1.1220172135553568
NYSE_recent,2025,think_mix,240,-0.5258894303057626,0.22483012860141596,-0.7507195589071786
NYSE_recent,2025,think_mix_huber,240,-0.6376555737310866,0.053634997779687894,-0.6912905715107746
NYSE_recent,2025,stockmixer,240,-0.6794771678327182,0.8804868490758293,-1.5599640169085474
NYSE_recent,2025,stockmixer_huber,240,-0.7263813945694357,-0.36216222634499345,-0.3642191682244423
NYSE_recent,2025,multiscale_mse,240,0.21631456497898932,0.3161119470356754,-0.09979738205668609
NYSE_recent,2025,multiscale_huber,240,-0.5019626811761169,0.35625825007976114,-0.858220931255878
NYSE_recent,2025,ridge,240,-0.9058135729005865,0.6982561337703506,-1.604069706670937
NYSE_recent,2025,momentum126,240,0.70716118224394,0.4224155806115228,0.2847456016324172
NYSE_recent,2025,reversal5,240,-0.04193199572166571,0.20368100383601048,-0.24561299955767618
NASDAQ_recent,2022,think,245,-1.5722123695419405,-0.4613296808097999,-1.1108826887321406
NASDAQ_recent,2022,think_huber,245,-1.3724777590434616,-0.6080468226008375,-0.764430936442624
NASDAQ_recent,2022,think_mix,245,-0.7268394867046389,-0.6794651004013831,-0.047374386303255855
NASDAQ_recent,2022,think_mix_huber,245,-0.5907631432986981,-0.5701644798987154,-0.02059866339998262
NASDAQ_recent,2022,stockmixer,245,-0.4983339460302725,-0.0843236528317335,-0.414010293198539
NASDAQ_recent,2022,stockmixer_huber,245,-0.9919110355954965,-0.033417510133186376,-0.9584935254623101
NASDAQ_recent,2022,multiscale_mse,245,-0.35005954981484133,-0.4889075081569961,0.13884795834215474
NASDAQ_recent,2022,multiscale_huber,245,-0.8761973475350487,-0.7572605809102733,-0.11893676662477548
NASDAQ_recent,2022,ridge,245,-1.7213878914408847,-0.7625036199208397,-0.958884271520045
NASDAQ_recent,2022,momentum126,245,-1.096873330909498,-1.0333692313910747,-0.06350409951842328
NASDAQ_recent,2022,reversal5,245,-1.1946430609325938,-0.6917203744105531,-0.5029226865220406
NASDAQ_recent,2023,think,245,0.6825605621248861,0.26230340307440647,0.42025715905047967
NASDAQ_recent,2023,think_huber,245,-0.07717202147633619,0.7860848830494738,-0.8632569045258099
NASDAQ_recent,2023,think_mix,245,1.076568480150721,1.1420432680931834,-0.06547478794246242
NASDAQ_recent,2023,think_mix_huber,245,0.9495420162750166,1.1982882148715313,-0.2487461985965147
NASDAQ_recent,2023,stockmixer,245,-0.19051310751713388,0.406353718249693,-0.5968668257668269
NASDAQ_recent,2023,stockmixer_huber,245,0.14453090380298503,0.07581265106892492,0.06871825273406011
NASDAQ_recent,2023,multiscale_mse,245,0.34279548316298236,1.198747685744315,-0.8559522025813325
NASDAQ_recent,2023,multiscale_huber,245,-0.44120672071920924,1.127218570688711,-1.5684252914079202
NASDAQ_recent,2023,ridge,245,-1.277559614974988,0.9914189447492094,-2.2689785597241974
NASDAQ_recent,2023,momentum126,245,0.44694820257356244,0.4248547130038423,0.022093489569720126
NASDAQ_recent,2023,reversal5,245,1.2056210624925783,0.4969240076937792,0.7086970547987991
NASDAQ_recent,2024,think,245,-0.29248590942110103,1.0507559221683196,-1.3432418315894206
NASDAQ_recent,2024,think_huber,245,-0.29565297430190085,0.3600744618979104,-0.6557274361998113
NASDAQ_recent,2024,think_mix,245,1.463040084716869,0.8933303235064015,0.5697097612104675
NASDAQ_recent,2024,think_mix_huber,245,0.6420901586433131,1.5934532655542573,-0.9513631069109442
NASDAQ_recent,2024,stockmixer,245,-0.8677204705993264,0.36238082981940334,-1.2301013004187298
NASDAQ_recent,2024,stockmixer_huber,245,-1.5452920694466739,0.05962150183592946,-1.6049135712826033
NASDAQ_recent,2024,multiscale_mse,245,-0.6720156117652333,0.07419587026963095,-0.7462114820348642
NASDAQ_recent,2024,multiscale_huber,245,-0.7907349153416114,-0.12183055006869892,-0.6689043652729125
NASDAQ_recent,2024,ridge,245,-1.2247127983645296,-0.7956207697518451,-0.4290920286126845
NASDAQ_recent,2024,momentum126,245,0.36832810217645673,0.4096436044059377,-0.041315502229480994
NASDAQ_recent,2024,reversal5,245,-0.16730036261698414,-0.5673846951069854,0.4000843324900013
NASDAQ_recent,2025,think,240,-0.11392431164046875,0.8291210204819396,-0.9430453321224084
NASDAQ_recent,2025,think_huber,240,-0.8853077780358,0.3686682360637892,-1.2539760140995893
NASDAQ_recent,2025,think_mix,240,0.5014630015446555,0.3893293631561791,0.1121336383884764
NASDAQ_recent,2025,think_mix_huber,240,0.18425510244865503,0.6638219095031784,-0.47956680705452337
NASDAQ_recent,2025,stockmixer,240,0.5223953500756328,1.139260958890764,-0.6168656088151313
NASDAQ_recent,2025,stockmixer_huber,240,0.4215450554823525,0.5357288542646682,-0.11418379878231572
NASDAQ_recent,2025,multiscale_mse,240,0.15983673051530484,1.1658137068073164,-1.0059769762920117
NASDAQ_recent,2025,multiscale_huber,240,-0.3146834871411763,0.162245091707328,-0.47692857884850426
NASDAQ_recent,2025,ridge,240,0.2031223482449269,0.4758912375964341,-0.2727688893515072
NASDAQ_recent,2025,momentum126,240,0.6141932475705271,0.457662019831693,0.15653122773883404
NASDAQ_recent,2025,reversal5,240,0.46502776291750003,0.926295630635344,-0.461267867717844
