horizon,dataset,model,net_sharpe,net_sharpe_ci_low,net_sharpe_ci_high,delta_spy,delta_spy_ci_low,delta_spy_ci_high,delta_qqq,delta_qqq_ci_low,delta_qqq_ci_high
1,NASDAQ_recent,think,-0.09730769498528921,-0.9725228315414262,0.7887652842152327,-0.5939907006536543,-1.1105267706821502,-0.07469234236514051,-0.5960932409431177,-1.2316717085036648,0.0657947140464139
1,NASDAQ_recent,think_huber,-0.18181245094289597,-0.9976488908829426,0.6687305673669728,-0.6784954566112611,-1.1718102252160882,-0.17864727172342215,-0.6805979969007244,-1.2641180891378754,-0.05514187868646155
1,NASDAQ_recent,think_mix,0.3833991252147511,-0.5154033375727443,1.372882659470568,-0.11328388045361398,-0.6491021019045704,0.4002099838670214,-0.11538642074307737,-0.7300771883874166,0.5172387757959931
1,NASDAQ_recent,think_mix_huber,0.2909880373893052,-0.5424847714815131,1.1366539515091867,-0.20569496827905992,-0.7101665561327483,0.30528211797075433,-0.2077975085685233,-0.8319888732452554,0.45551765190879256
1,NASDAQ_recent,stockmixer,0.05500612062117724,-0.8101400646655404,0.9890726461799396,-0.44167688504718783,-0.9877244749228113,0.08033825946863309,-0.44377942533665127,-1.0902053886331724,0.19915607732471635
1,NASDAQ_recent,stockmixer_huber,0.2509896981674861,-0.6085989567499078,1.120861873090736,-0.24569330750087898,-0.7260118208153166,0.23926362398659023,-0.24779584779034236,-0.8363354481347351,0.33796985366075327
1,NASDAQ_recent,multiscale_mse,0.16148878957132343,-0.6887180295528802,0.9874921229827355,-0.3351942160970417,-0.8341803092075193,0.15563446857702745,-0.337296756386505,-0.9272583098313529,0.25667841148670295
1,NASDAQ_recent,multiscale_huber,0.08752535857045203,-0.7429282390352411,0.9699724222319387,-0.4091576470979131,-0.907407931238055,0.11669234117299485,-0.41126018738737646,-1.0197812694292991,0.22444806291819325
1,NASDAQ_recent,ridge,-0.8423366267129391,-1.7052521324511123,0.02934682450300612,-1.3390196323813042,-1.9093309186170166,-0.7695786437379865,-1.3411221726707676,-1.9885017154006785,-0.6529881094145116
1,NASDAQ_recent,momentum126,-0.004014658391692042,-0.8075780496333317,0.8255545444180293,-0.5006976640600571,-1.054485431047777,0.05085740600181185,-0.5028002043495206,-1.1223525735190116,0.14179751102577481
1,NASDAQ_recent,reversal5,-0.09163800697093741,-0.8400667139104595,0.6963780285936306,-0.5883210126393025,-1.1892295800794712,-0.0021689737275482363,-0.5904235529287659,-1.2501844938355902,0.07916610124198321
1,NASDAQ_recent,buy_hold,0.25094623665810845,-0.5761907575759859,1.0866106544634762,-0.24573676901025665,-0.6836683794759184,0.18611857684595048,-0.24783930929972003,-0.7839020457904528,0.30034948006578605
1,NASDAQ_recent,equal_universe,0.2553399021444292,-0.569719544817457,1.089662683190221,-0.2413431035239359,-0.6840891884039874,0.19680763721964614,-0.24344564381339928,-0.7800450194316421,0.3164029385517205
1,NASDAQ_recent,market_proxy,0.4966830056683651,-0.34109343110782164,1.3598903315262123,0.0,0.0,0.0,-0.0021025402894633838,-0.2642559517219603,0.26346137593623203
1,NASDAQ_recent,qqq,0.4987855459578285,-0.3326956013333163,1.3994829028155145,0.0021025402894633838,-0.26346137593623203,0.26425595172196015,0.0,0.0,0.0
1,NYSE_recent,think,-0.2622532974575688,-1.077736773069104,0.6060731569589786,-0.758936303125934,-1.2966033529627552,-0.1996751910613459,-0.7610388434153973,-1.42784473073849,-0.07043990936736466
1,NYSE_recent,think_huber,-0.5969208406304638,-1.434509302130959,0.30504794674567326,-1.093603846298829,-1.7116626938238093,-0.5130341716390204,-1.0957063865882923,-1.8173546103484268,-0.3566780812860208
1,NYSE_recent,think_mix,-0.2289069159702941,-1.018354188473243,0.6127589988761473,-0.7255899216386592,-1.3861680019317082,-0.08058497902300563,-0.7276924619281226,-1.4608040268134832,0.01821769399770813
1,NYSE_recent,think_mix_huber,-0.17951774217940916,-1.0155830994686526,0.7452690888217054,-0.6762007478477743,-1.2583803983638495,-0.07926486765700463,-0.6783032881372376,-1.384549824366913,0.06261361163283911
1,NYSE_recent,stockmixer,-0.21727293247176122,-0.9648666739670493,0.6460682024532303,-0.7139559381401264,-1.3487996346757358,-0.08029453757868049,-0.7160584784295897,-1.4542373508502862,0.04040527853300536
1,NYSE_recent,stockmixer_huber,-0.4818466288381905,-1.2974675165238092,0.3763125940027659,-0.9785296345065556,-1.6242604697664478,-0.3106647737726703,-0.9806321747960189,-1.709592886074504,-0.19885695535861397
1,NYSE_recent,multiscale_mse,-0.3965692671980356,-1.1954205573365388,0.42664731512588916,-0.8932522728664007,-1.5229403922244285,-0.29113815446670827,-0.8953548131558641,-1.6178838565413922,-0.16427094064377804
1,NYSE_recent,multiscale_huber,-0.328617924674112,-1.1794834921853996,0.5789446829856981,-0.8253009303424771,-1.4495425229021661,-0.2179373365621474,-0.8274034706319404,-1.527279209106449,-0.1031392464437256
1,NYSE_recent,ridge,-0.9389485314557973,-1.7966690538413992,-0.031032066386189643,-1.4356315371241624,-2.06503444746837,-0.7977253103555322,-1.4377340774136258,-2.1669943537808276,-0.6872670429086812
1,NYSE_recent,momentum126,0.07927635894647446,-0.8225288301884344,0.8789773272091724,-0.41740664672189065,-0.9795124726229036,0.12333290545414947,-0.41950918701135403,-1.0916530936297182,0.24755794827740718
1,NYSE_recent,reversal5,-0.22590402837259696,-1.0188060857597976,0.6418472747731722,-0.722587034040962,-1.3576265537325019,-0.06826844325698982,-0.7246895743304255,-1.4974938864994631,0.05907547711103645
1,NYSE_recent,buy_hold,0.13862833228303476,-0.7389868789176632,1.0211434172604434,-0.35805467338533037,-0.8121912020926914,0.11583165425542391,-0.3601572136747937,-0.9926999489314369,0.29797107071816636
1,NYSE_recent,equal_universe,0.08563730493882789,-0.7839846806826894,0.9828934052084782,-0.4110457007295372,-0.8715651015539558,0.07649695869133674,-0.4131482410190006,-1.0215064907552942,0.233409741163856
1,NYSE_recent,market_proxy,0.4966830056683651,-0.34109343110782164,1.3598903315262123,0.0,0.0,0.0,-0.0021025402894633838,-0.2642559517219603,0.26346137593623203
1,NYSE_recent,qqq,0.4987855459578285,-0.3326956013333163,1.3994829028155145,0.0021025402894633838,-0.26346137593623203,0.26425595172196015,0.0,0.0,0.0
5,NASDAQ_recent,think,0.26485436743800983,-0.5318596264367706,1.1666521694299288,-0.35644768623643786,-0.8460442853899636,0.19094198736397328,-0.360929485554892,-0.9345074069647121,0.2788007923076526
5,NASDAQ_recent,think_rank,0.22241756943009106,-0.594585429066275,1.0411872759950618,-0.39888448424435663,-0.8834708519312755,0.14272989600234773,-0.4033662835628108,-0.9820288044926834,0.22749278152443142
5,NASDAQ_recent,think_gate,0.3606964083397029,-0.45513326741897103,1.2533789347311668,-0.2606056453347448,-0.7390985225788805,0.2792486502391174,-0.26508744465319894,-0.8726404914347596,0.366108608743
5,NASDAQ_recent,think_mix,0.3558452853304881,-0.5637687004644293,1.2987217135206983,-0.2654567683439596,-0.7064671112900061,0.26276770302260516,-0.26993856766241375,-0.8433199045543405,0.3581473473928388
5,NASDAQ_recent,think_risk,0.25902847100314835,-0.5589937934391019,1.0746691772254575,-0.36227358267129933,-0.8398576070936619,0.13944844897321337,-0.3667553819897535,-0.9739245225140408,0.23269207807395237
5,NASDAQ_recent,mlp,0.2905578915834705,-0.5348126694020952,1.1419847689989304,-0.3307441620909772,-0.8853172259833408,0.22991784646754976,-0.33522596140943134,-0.9570558902027659,0.3473040999963166
5,NASDAQ_recent,lstm,0.5993673267899801,-0.26573220415884014,1.561774023426537,-0.021934726884467626,-0.6315051524575305,0.5365475050279926,-0.026416526202921786,-0.7060368140477358,0.6607870057963543
5,NASDAQ_recent,stockmixer,0.38063268507415937,-0.6060356321940571,1.3864240284746918,-0.2406693686002883,-0.8024752866970127,0.3794173372832392,-0.24515116791874247,-0.9205325259807166,0.4987117910623067
5,NASDAQ_recent,market_transformer,0.05877442714713843,-0.8513973670191514,0.9344004241767593,-0.5625276265273093,-1.1404440823555926,-0.039550696131700556,-0.5670094258457634,-1.153387019575994,0.01809237842737463
5,NASDAQ_recent,think_huber,0.22793620868362616,-0.5994753826663188,1.066557511931599,-0.3933658449908215,-0.9620528189825521,0.19970152023639057,-0.39784764430927566,-1.0631126573409129,0.2592026636812069
5,NASDAQ_recent,think_mix_huber,0.6745101364585132,-0.26439019003958353,1.651602287162604,0.053208082784065525,-0.3964584627668763,0.5240145290215528,0.048726283465611364,-0.4446442037958629,0.5955212415704163
5,NASDAQ_recent,stockmixer_huber,0.3643736546289648,-0.5113632554263561,1.379504118574369,-0.25692839904548287,-0.7839141430814109,0.2867725863164767,-0.26141019836393703,-0.8891331531476595,0.4038838456605162
5,NASDAQ_recent,think_mix_shrink,0.4516497024902977,-0.4297505475905063,1.3150937063162902,-0.16965235118415,-0.6634089749757142,0.3707079765566478,-0.17413415050260417,-0.7776820055927859,0.46838250955278404
5,NASDAQ_recent,think_mix_shrink_huber,0.6195296595487744,-0.27427001424545083,1.545947842287876,-0.0017723941256733156,-0.4273093456295285,0.4401872046072941,-0.006254193444127476,-0.5272896387426649,0.5284156376949838
5,NASDAQ_recent,multiscale_mse,0.4481976922822071,-0.45531119385394436,1.3773534809485715,-0.17310436139224056,-0.6584603699486542,0.33585067575542044,-0.17758616071069472,-0.7840972779837618,0.44457331126664196
5,NASDAQ_recent,multiscale_huber,0.4193567824923482,-0.42958520302263803,1.338985482569788,-0.20194527118209948,-0.651533857100098,0.25973109278748263,-0.20642707050055364,-0.7477453153760111,0.37635644505610927
5,NASDAQ_recent,ridge,0.19420479994708684,-0.6969749239801231,1.132932370616534,-0.42709725372736085,-0.859670263021199,0.046423825645632244,-0.431579053045815,-0.9979089200552408,0.1467489664709474
5,NASDAQ_recent,momentum126,0.3808621457630849,-0.4051431729602072,1.2248153494521632,-0.24043990791136277,-0.8117024440852278,0.3031919770115053,-0.24492170722981693,-0.8626376683159477,0.39651400110714824
5,NASDAQ_recent,reversal5,0.20434925031623422,-0.6150747487784214,1.0409739633090125,-0.4169528033582135,-1.038296854128777,0.16949202851194253,-0.42143460267666766,-1.1019941328764975,0.26926118837007557
5,NASDAQ_recent,buy_hold,0.3405459826817719,-0.49022238161705356,1.2554245938072652,-0.2807560709926758,-0.7045587698601266,0.16120886901188478,-0.28523787031112996,-0.8297802174075283,0.2737934017063802
5,NASDAQ_recent,equal_universe,0.3636555245025334,-0.47193966017549843,1.2828152638743036,-0.2576465291719143,-0.6952733389301109,0.19130090360358948,-0.26212832849036843,-0.8156119896976199,0.3389465707015659
5,NASDAQ_recent,market_proxy,0.6213020536744477,-0.21520071470424987,1.5417584586122461,0.0,0.0,0.0,-0.0044817993184541605,-0.29008348245671733,0.27103480843780636
5,NASDAQ_recent,qqq,0.6257838529929018,-0.23371466928002144,1.524115723854355,0.0044817993184541605,-0.27103480843780653,0.2900834824567172,0.0,0.0,0.0
5,NYSE_recent,think,0.016696289547108147,-0.9735957904122365,0.9723100025562353,-0.6046057641273396,-1.1782788421962898,-0.09446018135906127,-0.6090875634457937,-1.3441242946998435,0.0718422875988243
5,NYSE_recent,think_rank,-0.18465917772350898,-1.2044620897271268,0.8606359799869804,-0.8059612313979567,-1.4189978730996355,-0.23342677935674036,-0.8104430307164108,-1.6033396263488973,-0.10946694275106285
5,NYSE_recent,think_gate,0.0962395582749454,-0.8740766562560379,1.0178490329771466,-0.5250624953995022,-1.07369015489867,-0.0007111198576772737,-0.5295442947179565,-1.267066941144585,0.16233951642586322
5,NYSE_recent,think_mix,0.3007398155815718,-0.6398153766483307,1.1807372444877269,-0.3205622380928759,-0.9423058443330136,0.2854849221651007,-0.32504403741133003,-1.0999183465844922,0.42647271664791464
5,NYSE_recent,think_risk,-0.24575202605837454,-1.179313472131165,0.7186570203923363,-0.8670540797328222,-1.4548988428670195,-0.3009791901326729,-0.8715358790512764,-1.537181804118108,-0.17101587446278943
5,NYSE_recent,mlp,-0.23740124111015462,-1.0666868577156363,0.5520177132526115,-0.8587032947846023,-1.5487441444290284,-0.2566109819963175,-0.8631850941030564,-1.5929093803046617,-0.15264218198563229
5,NYSE_recent,lstm,-0.011044087116867933,-0.8493434659489635,0.8403192728785208,-0.6323461407913156,-1.170370954267442,-0.10121131652707495,-0.6368279401097697,-1.3134361197865234,0.06309781519486465
5,NYSE_recent,stockmixer,-0.11817415654169719,-0.99512138986619,0.6865332250518473,-0.7394762102161448,-1.343083734807067,-0.22046270353481776,-0.743958009534599,-1.4497854619203845,-0.0642501585269804
5,NYSE_recent,market_transformer,-0.3275015538591715,-1.117027768829761,0.46073784998212325,-0.9488036075336193,-1.5979288647726575,-0.30772657806432746,-0.9532854068520733,-1.7475463395850304,-0.24243626442896546
5,NYSE_recent,think_huber,-0.053741069558712926,-1.0150050277288654,0.9071997415951909,-0.6750431232331606,-1.2481570448863348,-0.12434927108666849,-0.6795249225516148,-1.438815819449176,0.001046651802098294
5,NYSE_recent,think_mix_huber,0.19400514892871742,-0.716183037444751,1.1513565645229304,-0.42729690474573023,-0.928928636485896,0.05256365082187923,-0.4317787040641844,-1.1153037421944607,0.19860963696380457
5,NYSE_recent,stockmixer_huber,-0.15666065677438692,-1.0395193049889662,0.7063896869926406,-0.7779627104488346,-1.3224441493643944,-0.26494877187775256,-0.7824445097672887,-1.4422767709471498,-0.1278808034958702
5,NYSE_recent,think_mix_shrink,0.07495775565827067,-0.8298665824657698,1.0211593198703774,-0.546344298016177,-1.1736010706025983,0.06055847747332421,-0.5508260973346312,-1.2675886818692592,0.19241427060050298
5,NYSE_recent,think_mix_shrink_huber,-0.17581604650155744,-1.059181217699998,0.7445843821036774,-0.7971181001760052,-1.4169028509557555,-0.16884118229421913,-0.8015998994944593,-1.516216178988857,-0.09422992119585176
5,NYSE_recent,multiscale_mse,-0.11403408821296111,-0.9498100894527656,0.6907359096506246,-0.7353361418874088,-1.365409732538492,-0.1832861093073448,-0.739817941205863,-1.4696196257182799,-0.043636765747258784
5,NYSE_recent,multiscale_huber,-0.11263479199704879,-1.0049036337847257,0.773200783305259,-0.7339368456714965,-1.3541807578118434,-0.14394784514986947,-0.7384186449899506,-1.486791506812359,-0.016645978320324717
5,NYSE_recent,ridge,-0.029893950645089946,-0.884898996414742,0.7905130392508091,-0.6511960043195376,-1.3764014176901735,0.005625096964847875,-0.6556778036379918,-1.421450849411697,0.08245001664839585
5,NYSE_recent,momentum126,0.3932663905115497,-0.5072467945191693,1.3813961782459152,-0.22803566316289797,-0.8085061555628504,0.3276937996215847,-0.23251746248135213,-0.9615527463317256,0.47469697677415323
5,NYSE_recent,reversal5,-0.007071976384873817,-0.8731550721730308,0.845280461924261,-0.6283740300593215,-1.3663631574757087,0.11765570855213521,-0.6328558293777756,-1.5137371751557902,0.2278040743836906
5,NYSE_recent,buy_hold,0.21304321072626514,-0.7068843262411231,1.1344698669556794,-0.40825884294818254,-0.9018361881794777,0.08085602928443462,-0.4127406422666367,-1.0790429226493394,0.24657752160479526
5,NYSE_recent,equal_universe,0.17852428137545032,-0.7204390829395917,1.0822091380591126,-0.4427777722989974,-0.9416870605820422,0.051925581666879356,-0.44725957161745156,-1.1037157206815607,0.2149741011199605
5,NYSE_recent,market_proxy,0.6213020536744477,-0.21520071470424987,1.5417584586122461,0.0,0.0,0.0,-0.0044817993184541605,-0.29008348245671733,0.27103480843780636
5,NYSE_recent,qqq,0.6257838529929018,-0.23371466928002144,1.524115723854355,0.0044817993184541605,-0.27103480843780653,0.2900834824567172,0.0,0.0,0.0
