horizon,dataset,model,label,net_sharpe,net_sharpe_rf0,net_annualized_return,net_cumulative_return,net_annualized_volatility,net_maximum_drawdown,net_profitable_days,net_days,gross_sharpe,gross_sharpe_rf0,gross_annualized_return,gross_cumulative_return,gross_annualized_volatility,gross_maximum_drawdown,gross_profitable_days,gross_days,IC,RankIC,NDCG@5,NDCG@10,NDCG@20,ICIR,RankICIR,spy_net_sharpe,delta_spy,years_beating_spy,median_yearly_sharpe,worst_yearly_sharpe,std_yearly_sharpe,turnover_annual,profitable_periods,low,high,bootstrap_fraction_positive,qqq_sharpe,delta_qqq,years_beating_both,qqq_delta_low,qqq_delta_high
5,NYSE_recent,think,THINK reconstruction,0.0166962895471081,0.172386308943218,0.0148814657403415,0.0588176776877464,0.1898678926301153,-0.2578032243791187,0.5169230769230769,975,0.1273541212712163,0.2829632270853214,0.0364230392496311,0.1484540393727373,0.1899666200870981,-0.208825907921983,0.522051282051282,975,0.005450224960375,-0.0014838565470367,0.5163864848725795,0.5278580351576352,0.5734315064358877,0.0367361708175293,-0.0095851583008225,0.6213020536744477,-0.6046057641273396,2,-0.2645821586250005,-0.4692528925723175,0.7495491517309231,24.503752497196263,0.5487179487179488,-1.1782788421962898,-0.0944601813590612,0.009,0.6257838529929071,-0.609087563445799,2,-1.3441242946998522,0.07184228759881839
5,NYSE_recent,think_rank,THINK + ranking loss,-0.1846591777235089,-0.0250017098086481,-0.021488158954753,-0.0806100853578951,0.1851497225425412,-0.332354968307296,0.4994871794871794,975,-0.0255553185572049,0.134234657218012,0.0078012931599766,0.0305230079063458,0.1849961847911232,-0.2720575670177307,0.5046153846153846,975,0.0043490225784923,-0.0006378383240986,0.5181382477897741,0.5332771584808674,0.5737373139329222,0.0284097984713909,-0.0040044763757701,0.6213020536744477,-0.8059612313979567,1,-0.3945938096776206,-0.6795302001673297,0.6341530754601868,33.616365755387186,0.517948717948718,-1.4189978730996355,-0.2334267793567403,0.001,0.6257838529929071,-0.810443030716416,1,-1.6033396263489026,-0.10946694275106872
5,NYSE_recent,think_gate,THINK + market feature gate,0.0962395582749454,0.2606415425642918,0.0312310110508575,0.1263538892936309,0.1798064422036099,-0.2420925260029661,0.5046153846153846,975,0.2365964644139324,0.4010801983114762,0.0575792075718624,0.241846113994008,0.1797170770983002,-0.2256150720884134,0.5107692307692308,975,0.0061584464944115,-0.0014255274166236,0.5138856648109159,0.5305874379356992,0.5737910662257262,0.0388929763547382,-0.0085531695358882,0.6213020536744477,-0.5250624953995022,2,-0.1734593548566262,-0.4662997683739727,0.7568004838481756,29.20680920445601,0.5487179487179488,-1.0736901548986697,-0.0007111198576772,0.025,0.6257838529929071,-0.5295442947179616,2,-1.2670669411445892,0.16233951642585676
5,NYSE_recent,think_mix,THINK + stock mixer residual,0.3007398155815718,0.4391887264197603,0.0736563718147729,0.3164953761623172,0.2135122313878647,-0.223885664132927,0.5107692307692308,975,0.3405882484736894,0.4789677551532175,0.0828434738708858,0.3606181979778602,0.2136193183195843,-0.2187973532784083,0.5117948717948718,975,0.0116314594862703,0.020869913308861,0.5143031548912629,0.5332652913676842,0.5758717075655877,0.0695588069145374,0.125444582867366,0.6213020536744477,-0.3205622380928759,1,0.5990667031379054,-0.751309351294188,0.8424928574431191,10.247598568398177,0.558974358974359,-0.9423058443330132,0.2854849221651006,0.141,0.6257838529929071,-0.32504403741133525,1,-1.0999183465844982,0.42647271664791
5,NYSE_recent,think_risk,THINK + volatility auxiliary task,-0.2457520260583745,-0.1031614344749122,-0.0419439800880493,-0.1527715679196665,0.2073105634671453,-0.381081713710563,0.4994871794871794,975,-0.1636641152553318,-0.0210637968623089,-0.0254922105329757,-0.0950807034036643,0.2072964227527803,-0.3435301646932787,0.5005128205128205,975,-0.0071069443288183,-0.010403272626164,0.5046615139462638,0.526607191661596,0.5701267117814829,-0.046694852702642,-0.0670538646856724,0.6213020536744477,-0.8670540797328222,1,-0.5399954668677791,-0.6608081734014276,0.7482230842726577,19.45960534197473,0.5333333333333333,-1.454898842867019,-0.3009791901326729,0.0,0.6257838529929071,-0.8715358790512816,1,-1.5371818041181113,-0.17101587446279487
5,NYSE_recent,mlp,Shared MLP,-0.2374012411101546,-0.1164378476675576,-0.056592402947276,-0.2018019643712504,0.2443758813719876,-0.4141077320254799,0.4994871794871794,975,-0.1301330872222055,-0.0092008852972186,-0.0315494468567278,-0.1166496264150777,0.2444389121816972,-0.3796416947800994,0.5035897435897436,975,-0.0078752107914783,-0.0148281069371971,0.518581903131566,0.5322928731754976,0.5694900395177898,-0.0403933147450359,-0.0737118629022413,0.6213020536744477,-0.8587032947846023,0,0.0483318886726598,-1.0313654894254154,0.6322483060472227,30.77758910800585,0.517948717948718,-1.5487441444290282,-0.2566109819963175,0.002,0.6257838529929071,-0.8631850941030617,0,-1.5929093803046674,-0.15264218198564125
5,NYSE_recent,lstm,LSTM,-0.0110440871168679,0.1373208842722491,0.0076160827621238,0.0297904571436966,0.1992420152109401,-0.2130998509646883,0.5035897435897436,975,0.1275474008110605,0.2757973118532791,0.0358168616851555,0.1458573733574792,0.1993966517650247,-0.1995982561508616,0.5097435897435898,975,0.0036929999272893,-0.0013427744685628,0.5155201830366468,0.5311806727591788,0.5701830876086031,0.0218849221423479,-0.0077932759119266,0.6213020536744477,-0.6323461407913156,1,0.1812215437067852,-0.6149180195669206,0.5761268905845401,33.181192519156134,0.5076923076923077,-1.170370954267442,-0.1012113165270749,0.012,0.6257838529929071,-0.636827940109775,1,-1.313436119786529,0.06309781519485945
5,NYSE_recent,stockmixer,StockMixer-inspired MLP,-0.1181741565416971,0.0096259839721259,-0.0241281490963559,-0.0901701043716544,0.2313028433883751,-0.3484003559726261,0.5148717948717949,975,-0.0041345553619242,0.1235825183500621,0.0019263772119826,0.0074738664459115,0.2314532820642512,-0.3338921567627986,0.517948717948718,975,-0.0128449291816492,-0.0134495228858746,0.5157561187364511,0.5358127661802745,0.5691701411313965,-0.0742457507974502,-0.075960444616776,0.6213020536744477,-0.7394762102161448,0,0.2787003587672869,-1.034227422450974,0.7733151577473987,31.59093259375185,0.5076923076923077,-1.343083734807067,-0.2204627035348176,0.003,0.6257838529929071,-0.7439580095346041,0,-1.4497854619203878,-0.064250158526984
5,NYSE_recent,market_transformer,MASTER-inspired Transformer,-0.3275015538591715,-0.1995363377861699,-0.0701516850253253,-0.245281591280196,0.2310044619423568,-0.3877254007035811,0.4912820512820512,975,-0.1848187165759105,-0.0569983197530524,-0.0390820398236689,-0.1429374638926369,0.231266187721574,-0.3143649934885002,0.4964102564102564,975,0.0031666724717529,0.0060450206144044,0.4991649503201266,0.5221946455517932,0.5689863286050266,0.018285775257277,0.033812474078763,0.6213020536744477,-0.9488036075336193,1,-0.3252407629212434,-1.0921574288712363,0.5994526335360444,38.35781920970827,0.4871794871794871,-1.5979288647726575,-0.3077265780643274,0.0,0.6257838529929071,-0.9532854068520786,1,-1.7475463395850326,-0.24243626442896996
5,NYSE_recent,think_huber,THINK / Huber,-0.0537410695587129,0.1210697321977636,0.0062470651605968,0.0243876394727322,0.1691001676627569,-0.2444744761234922,0.5097435897435898,975,0.1311772391664389,0.3060793347425611,0.0382118982194865,0.1561423667431987,0.1690119022811571,-0.2007973458281039,0.5169230769230769,975,0.0134131336373452,0.0054281504960422,0.5117318486001913,0.5325380414552507,0.5741920619664534,0.0899166984796573,0.0372065459280413,0.6213020536744477,-0.6750431232331606,1,-0.2964033489043111,-0.3890240606113689,0.5309471210384145,35.82739711053831,0.5487179487179488,-1.2481570448863346,-0.1243492710866684,0.009,0.6257838529929071,-0.67952492255162,1,-1.438815819449183,0.0010466518020927427
5,NYSE_recent,think_mix_huber,THINK+mixer / Huber,0.1940051489287174,0.3564106798516745,0.0495124486050533,0.2055965640921981,0.1820168052053858,-0.2073711922427121,0.5128205128205128,975,0.2178648292221522,0.3802293759701611,0.0540815684794842,0.2260309793004611,0.1820627500174612,-0.2041387508554478,0.5138461538461538,975,0.0101284204618643,0.0172307813799055,0.5159446546344384,0.5336512543844244,0.5749520132500728,0.0571130087217017,0.0994317218186691,0.6213020536744477,-0.4272969047457302,1,0.4599501270461428,-0.8244925679489209,0.9442940543754056,5.377632931937157,0.5743589743589743,-0.928928636485896,0.0525636508218794,0.038,0.6257838529929071,-0.43177870406418967,1,-1.1153037421944676,0.19860963696380027
5,NYSE_recent,stockmixer_huber,StockMixer / Huber,-0.1566606567743869,-0.0004369164925024,-0.0177712886871038,-0.0670244247466703,0.1892192302715527,-0.1929344474108359,0.5056410256410256,975,-0.0294189856217148,0.1267383160015026,0.0061494085343383,0.024003043235526,0.189299735452691,-0.1882028601287323,0.5076923076923077,975,-0.0188403758404258,-0.0177919268998607,0.5064887424871428,0.5171915024582582,0.5616594053216045,-0.1186575941214846,-0.1127646266193804,0.6213020536744477,-0.7779627104488346,1,-0.1344264545320126,-0.5870062244029518,0.5114972230852496,28.73317270723223,0.517948717948718,-1.3224441493643944,-0.2649487718777525,0.003,0.6257838529929071,-0.782444509767294,1,-1.4422767709471553,-0.1278808034958763
5,NYSE_recent,think_mix_shrink,THINK+mixer x0.1 / MSE,0.0749577556582706,0.2094617277689399,0.0222075684958855,0.0886974404290186,0.2197744454859585,-0.2487285436416585,0.4984615384615384,975,0.1392324575581645,0.2737266034072622,0.0367484420715054,0.1498497569512111,0.2197905024018523,-0.2403110994840992,0.5005128205128205,975,0.0032921586156524,0.0097147104297344,0.511019600036127,0.5319696282546402,0.5699633942642013,0.0205596570631034,0.0593188363525737,0.6213020536744477,-0.546344298016177,0,0.2109456907699632,-0.952836888519623,0.81024539414037,16.419524478484544,0.5384615384615384,-1.1736010706025983,0.0605584774733241,0.044,0.6257838529929071,-0.5508260973346365,0,-1.267588681869265,0.19241427060049723
5,NYSE_recent,think_mix_shrink_huber,THINK+mixer x0.1 / Huber,-0.1758160465015574,-0.046099007539968,-0.0358362701922236,-0.1316823038896839,0.227884756874803,-0.3577893286374841,0.5046153846153846,975,-0.1364895236414777,-0.006874721996247,-0.0272171947408592,-0.1012624437804712,0.2280645073792686,-0.343697117001317,0.5076923076923077,975,0.0009140728218193,0.0070098334256341,0.5081549198061678,0.5272222968276096,0.5693203078684291,0.0052032710731165,0.0412042589006697,0.6213020536744477,-0.7971181001760052,0,0.1309945605841625,-1.284955552316707,0.9711365660868804,10.590936913890404,0.5230769230769231,-1.4169028509557553,-0.1688411822942191,0.004,0.6257838529929071,-0.8015998994944644,0,-1.5162161789888615,-0.09422992119585731
5,NYSE_recent,multiscale_mse,Multi-scale mixer / MSE,-0.1140340882129611,0.0252372133182127,-0.0169220450644927,-0.0638995498795137,0.2122514513850828,-0.2366091189264144,0.4964102564102564,975,0.0027452121004057,0.141919495230919,0.0077215908058296,0.0302077189678839,0.2123994118838766,-0.2187976613487776,0.5056410256410256,975,-0.0085354061051079,-0.0189561681053509,0.5116202768544538,0.5262575655687354,0.5618130935949218,-0.0531856141300961,-0.1108688201611953,0.6213020536744477,-0.7353361418874088,1,0.0528428180113868,-0.584864863149387,0.3555674939423325,29.735002193596078,0.4923076923076923,-1.3654097325384915,-0.1832861093073449,0.004,0.6257838529929071,-0.7398179412058682,1,-1.4696196257182834,-0.04363676574726503
5,NYSE_recent,multiscale_huber,Multi-scale mixer / Huber,-0.1126347919970487,0.0313529647983173,-0.0144633326924004,-0.054808708303762,0.2052989541901974,-0.252862539088019,0.5015384615384615,975,-0.0140467207042291,0.1298503586631059,0.0056611846089276,0.0220819007205104,0.2054283243012885,-0.2297048500157864,0.5066666666666667,975,-0.0148544807173984,-0.0193726528953513,0.507072988162231,0.5291397603466405,0.5678940821393623,-0.0881130022567332,-0.106508561120854,0.6213020536744477,-0.7339368456714965,1,0.0982243491101255,-0.7781768393096012,0.5076352199182598,24.408132981407324,0.5128205128205128,-1.3541807578118432,-0.1439478451498692,0.004,0.6257838529929071,-0.7384186449899558,1,-1.4867915068123632,-0.01664597832033379
5,NYSE_recent,ridge,Ridge regression,-0.0298939506450899,0.0965628377615649,-0.0046807697249153,-0.017988871630818,0.2337599765006013,-0.2849725926047319,0.5015384615384615,975,0.1847841181486419,0.3110771623191243,0.0465279396977602,0.1923860645549657,0.234063056128234,-0.2306084815736292,0.5066666666666667,975,0.0095194529492882,0.0023116946831112,0.531673105513146,0.5409012242062907,0.5758661001809557,0.0525151381581892,0.012678937811579,0.6213020536744477,-0.6511960043195376,1,-0.0827818333828332,-0.643055567634801,0.5512260414744261,58.52001949103637,0.4974358974358974,-1.3764014176901735,0.0056250969648478,0.027,0.6257838529929071,-0.655677803637997,1,-1.4214508494117006,0.08245001664839245
5,NYSE_recent,momentum126,126-session momentum,0.3932663905115497,0.5516853453013382,0.0892782807627947,0.392168993894334,0.1865972157530394,-0.2141206117821149,0.5271794871794871,975,0.4469904245786799,0.6053269816802318,0.1002774211140966,0.4473514195519235,0.186694320170938,-0.2030804689205504,0.5312820512820513,975,0.0046519849181061,0.008905125101671,0.5140467915350215,0.5314958503693185,0.57485821864469,0.0220113566043065,0.0435982422490685,0.6213020536744477,-0.2280356631628979,2,0.7601885295063469,-0.640927835497356,0.8800919351099737,11.93890954759036,0.5641025641025641,-0.8085061555628504,0.3276937996215847,0.225,0.6257838529929071,-0.23251746248135735,2,-0.9615527463317303,0.4746969767741499
5,NYSE_recent,reversal5,5-session reversal,-0.0070719763848738,0.1406214103386033,0.008168614512326,0.0319769934707456,0.2001479994607114,-0.3390055612362465,0.4923076923076923,975,0.2573848339273883,0.4050520260489143,0.0629692741792111,0.2665137067996872,0.200183503604197,-0.3025053080528811,0.5025641025641026,975,0.0264204417954336,0.0302542870957266,0.5175472625997989,0.5375910602807911,0.5815969646632942,0.1390604531385908,0.169554003692134,0.6213020536744477,-0.6283740300593215,1,-0.0593525798733013,-1.1018044722806175,1.0607542694109202,61.95427422363773,0.5076923076923077,-1.3663631574757085,0.1176557085521351,0.051,0.6257838529929071,-0.6328558293777808,1,-1.5137371751557962,0.22780407438368622
5,NYSE_recent,buy_hold,Equal-weight buy-and-hold,0.2130432107262651,0.3808135231736388,0.0529446432544689,0.2209225055769597,0.1761964644105537,-0.1980839538085683,0.5128205128205128,975,0.2223478486926924,0.3900901289493641,0.0546734712388259,0.2286968033686525,0.1762259094191932,-0.1980839538085715,0.5128205128205128,975,,,,,,,,0.6213020536744477,-0.4082588429481825,1,0.542797107374631,-0.6022206852595513,0.6236609500420178,2.0273982118731717,0.5743589743589743,-0.9018361881794776,0.0808560292844346,0.048,0.6257838529929071,-0.412740642266642,1,-1.0790429226493454,0.2465775216047907
5,NYSE_recent,equal_universe,Equal-weight rebalanced universe,0.1785242813754503,0.3392761145258244,0.0465609846342529,0.192531742810649,0.1838892615216958,-0.1992954986355569,0.5107692307692308,975,0.1964347123958164,0.3571500459299518,0.0500137292948488,0.2078260103684845,0.1839310241048193,-0.1983481186305669,0.5107692307692308,975,,,,,,,,0.6213020536744477,-0.4427777722989974,1,0.4747395188789169,-0.5987237697921861,0.5937366290926678,4.095692107327842,0.558974358974359,-0.9416870605820422,0.0519255816668793,0.037,0.6257838529929071,-0.4472595716174568,1,-1.1037157206815653,0.21497410111995488
5,NYSE_recent,market_proxy,SPY,0.6213020536744477,0.7844657362665924,0.1339844507691672,0.6265876420983796,0.1811710511595447,-0.234239913320867,0.5456410256410257,975,0.629249683541817,0.792395917982269,0.1356275263550856,0.6357252929795807,0.1811904270280333,-0.2342399133208672,0.5456410256410257,975,,,,,,,,0.6213020536744477,0.0,0,1.3315998656040435,-0.8525728255576697,1.2839175842133903,2.0676923076923077,0.6205128205128205,0.0,0.0,0.0,0.6257838529929071,-0.0044817993184593785,0,-0.290083482456724,0.27103480843780153
5,NASDAQ_recent,think,THINK reconstruction,0.2648543674380098,0.3984013782261871,0.0659465024833942,0.2802937280611448,0.2213492890018178,-0.2411099942690002,0.5076923076923077,975,0.3723584747146849,0.5059243036046793,0.0916053816915101,0.4037115796352775,0.2213181030802974,-0.2368151984774653,0.5148717948717949,975,0.0023487917126876,0.0125481957595597,0.5217879327984427,0.5433482657200567,0.5830499630577566,0.0128249248183736,0.0675160383564568,0.6213020536744477,-0.3564476862364378,1,0.3696341434176095,-0.4065842022933253,0.55064186020253,27.77117973867856,0.517948717948718,-0.8460442853899636,0.1909419873639732,0.088,0.6257838529929071,-0.3609294855548973,1,-0.9345074069647177,0.278800792307644
5,NASDAQ_recent,think_rank,THINK + ranking loss,0.222417569430091,0.3649129529568023,0.0558076388725203,0.2338168972762335,0.2074490776800494,-0.2141559683223974,0.5066666666666667,975,0.3432738897477663,0.4857368799637681,0.0826158171737256,0.3595117675407417,0.207496247561992,-0.1937544989085972,0.5076923076923077,975,1.05486955318432e-05,0.0101480128373227,0.5158870844292277,0.5405915114634072,0.5822689524986313,5.789652237804128e-05,0.0550104199611415,0.6213020536744477,-0.3988844842443566,1,0.514489656241427,-0.6064589202487938,0.5837563342117946,29.342036248817383,0.5230769230769231,-0.8834708519312753,0.1427298960023477,0.068,0.6257838529929071,-0.40336628356281606,1,-0.9820288044926894,0.22749278152442517
5,NASDAQ_recent,think_gate,THINK + market feature gate,0.3606964083397029,0.5012847658192912,0.0870184531336775,0.3810275941807952,0.210263043229401,-0.2071209060994014,0.5148717948717949,975,0.4540154742172774,0.5945747533343998,0.1085635612697699,0.4899815459001755,0.2103065416382048,-0.2046830564926046,0.517948717948718,975,0.0016027800970162,0.0105791656710572,0.5177687320540307,0.5396774182371062,0.5806164376925321,0.0087141153822173,0.0568461461484137,0.6213020536744477,-0.2606056453347448,1,0.5567745998078231,-0.405323707640306,0.5543755767256152,22.91733807821348,0.5230769230769231,-0.7390985225788803,0.2792486502391172,0.178,0.6257838529929071,-0.26508744465320416,1,-0.8726404914347666,0.3661086087429956
5,NASDAQ_recent,think_mix,THINK + stock mixer residual,0.3558452853304881,0.4789098097524712,0.0901102078907678,0.3962872965039543,0.2402035519588026,-0.2581396770150524,0.5066666666666667,975,0.386052917566105,0.5091098137808512,0.0980491725935017,0.4360436341093943,0.2402184420017808,-0.257248836744589,0.5076923076923077,975,0.0045348533898669,-0.0001062235028962,0.5251580759865943,0.5371329945052973,0.5790173792155012,0.0272657390320707,-0.0006239606430783,0.6213020536744477,-0.2654567683439596,1,0.6106105651991018,-0.5677842427432221,0.7398441683825717,8.671927051251544,0.5435897435897435,-0.7064671112900058,0.2627677030226051,0.159,0.6257838529929071,-0.26993856766241897,1,-0.8433199045543474,0.3581473473928329
5,NASDAQ_recent,think_risk,THINK + volatility auxiliary task,0.2590284710031483,0.3952772658994705,0.0643101368216747,0.2727061685774234,0.21695998051781,-0.2473875118664263,0.4974358974358974,975,0.365562683294457,0.5016925586596158,0.0892222980328325,0.3918921855094808,0.2171495111340337,-0.2299756658663172,0.5005128205128205,975,-0.0017732574490371,0.0056296779476336,0.5173556000179128,0.537230672908658,0.5803436848581708,-0.010546627900726,0.0320014649051386,0.6213020536744477,-0.3622735826712993,1,0.4905611809405078,-0.6433794518512854,0.6692223992179441,26.67002804130553,0.5282051282051282,-0.8398576070936616,0.1394484489732133,0.086,0.6257838529929071,-0.36675538198975877,1,-0.9739245225140456,0.23269207807394837
5,NASDAQ_recent,mlp,Shared MLP,0.2905578915834705,0.4171335400993429,0.0728382982211361,0.3126185551772087,0.2335404655862719,-0.2418705963784662,0.4994871794871794,975,0.4029968566191467,0.5295520130120175,0.1013836580588458,0.4529897476569953,0.2335782810343584,-0.2390540900233339,0.5046153846153846,975,0.0048152008133798,0.0072971894368037,0.5384373045487485,0.5455420106803369,0.5876854273303299,0.0250413934574362,0.0367454066423773,0.6213020536744477,-0.3307441620909772,1,0.4042896009568053,-0.2723482030075687,0.4174382792064151,30.282301104303347,0.5230769230769231,-0.8853172259833407,0.2299178464675497,0.119,0.6257838529929071,-0.33522596140943656,1,-0.9570558902027694,0.34730409999630824
5,NASDAQ_recent,lstm,LSTM,0.5993673267899801,0.7287732993843119,0.1508756315889607,0.7223514080182585,0.2284325467646611,-0.2170651603541283,0.5076923076923077,975,0.6881679352215162,0.8174466542857373,0.174571024530322,0.8636582391663499,0.2286574008487548,-0.2106405625651356,0.5097435897435898,975,0.0034201915963381,0.0100220017858185,0.5248819489565963,0.539486569676686,0.5820813022976434,0.0184665528420362,0.0509819126850833,0.6213020536744477,-0.0219347268844676,2,0.5116874867233777,-0.5192078477843242,0.904202062885601,23.750097512640192,0.558974358974359,-0.6315051524575305,0.5365475050279926,0.463,0.6257838529929071,-0.026416526202927004,2,-0.7060368140477377,0.6607870057963463
5,NASDAQ_recent,stockmixer,StockMixer-inspired MLP,0.3806326850741593,0.5054722992522259,0.0962170206468422,0.4267951249779955,0.2367881067312264,-0.2626323237610183,0.5076923076923077,975,0.5080567567336602,0.6328882666985289,0.129791460158424,0.6034406840918047,0.2368034793026247,-0.2608788634088272,0.5107692307692308,975,0.007726000010814,0.0044265607361082,0.51423950848657,0.5372398588093665,0.5784589653164028,0.0438213960487834,0.0240766012062512,0.6213020536744477,-0.2406693686002883,1,0.3463092422016506,-0.1639589093754665,0.4832055882032533,34.67595352948844,0.5230769230769231,-0.8024752866970125,0.3794173372832391,0.215,0.6257838529929071,-0.24515116791874775,1,-0.9205325259807202,0.4987117910622977
5,NASDAQ_recent,market_transformer,MASTER-inspired Transformer,0.0587744271471384,0.1972524989681896,0.0196120523976788,0.0780409636702157,0.213467269565111,-0.2689292988708954,0.4933333333333333,975,0.1938892079987245,0.3322999019604584,0.0494460989848062,0.2053017029541335,0.2135711847124593,-0.2394507842593625,0.5025641025641026,975,-0.0093704908780069,-0.0031168216713601,0.5032768000064712,0.5281223250222262,0.5728395640952104,-0.0496532079875353,-0.0161705935784033,0.6213020536744477,-0.5625276265273093,1,-0.0555001376493217,-0.5042136566537108,0.5781658322228599,33.58035323627722,0.5230769230769231,-1.1404440823555926,-0.0395506961317005,0.015,0.6257838529929071,-0.5670094258457686,1,-1.1533870195759988,0.018092378427369115
5,NASDAQ_recent,think_huber,THINK / Huber,0.2279362086836261,0.3741209197877721,0.0568404098573211,0.2384929927858126,0.2022135944518947,-0.227126374105158,0.5005128205128205,975,0.3234607711094825,0.4696149784124713,0.0774551726616907,0.3346091194880787,0.2022557983910781,-0.2173258937181419,0.5015384615384615,975,-0.0093193423775737,-0.0040948022563293,0.5115876456292544,0.5323162477386076,0.5783155553019136,-0.0572731306678396,-0.0248755507522591,0.6213020536744477,-0.3933658449908215,1,0.4623806288305835,-0.6684773277279521,0.7712289405027475,21.905319418439717,0.5384615384615384,-0.9620528189825522,0.1997015202363905,0.104,0.6257838529929071,-0.397847644309281,1,-1.0631126573409162,0.2592026636811975
5,NASDAQ_recent,think_mix_huber,THINK+mixer / Huber,0.6745101364585132,0.7809168814665515,0.1954490769214802,0.9951311273156328,0.2778069743985503,-0.3000279289301695,0.5282051282051282,975,0.6899362614041916,0.7963228691430354,0.2006085771058177,1.0286538925738506,0.2778595587787317,-0.2998686239140268,0.5302564102564102,975,0.011750945043456,0.0109564619739696,0.5292354323216651,0.5474850148267232,0.5846515553764337,0.0642251841544192,0.0592757986682618,0.6213020536744477,0.0532080827840655,1,0.9992507237562848,-0.3629464272582955,0.8518245744363399,5.212294872661914,0.5641025641025641,-0.3964584627668761,0.5240145290215528,0.622,0.6257838529929071,0.048726283465606146,1,-0.44464420379586733,0.5955212415704111
5,NASDAQ_recent,stockmixer_huber,StockMixer / Huber,0.3643736546289648,0.4888035210925622,0.092109635037975,0.4062220370315283,0.237567850279171,-0.2647871059305913,0.5066666666666667,975,0.4973513743249032,0.6216730985933124,0.1272120899595135,0.5893234471111517,0.2377745004763631,-0.2596354918547479,0.5076923076923077,975,0.0015377262418829,0.0036591882218134,0.5147025555989954,0.532218925842712,0.579242688311054,0.0083256269932202,0.0198355763429222,0.6213020536744477,-0.2569283990454828,1,0.3813859155824547,-0.267455625167054,0.5038489004614145,36.85129511249129,0.5538461538461539,-0.7839141430814108,0.2867725863164767,0.175,0.6257838529929071,-0.26141019836394225,1,-0.8891331531476643,0.403883845660511
5,NASDAQ_recent,think_mix_shrink,THINK+mixer x0.1 / MSE,0.4516497024902977,0.5782001334158454,0.1139708228935776,0.5182980211791155,0.2335870029843851,-0.2330617188138871,0.5056410256410256,975,0.4977638535658934,0.6243307854637808,0.1260216301847996,0.5828390825343612,0.2335565494321237,-0.2302823875029894,0.5076923076923077,975,0.0071987411503895,0.0043709526281281,0.5126061667394195,0.5364580930110089,0.5772405166962506,0.0419890253487318,0.0241540641652692,0.6213020536744477,-0.16965235118415,1,0.7488140641502443,-0.4028285023429026,0.681878550383981,12.296333443183302,0.5384615384615384,-0.663408974975714,0.3707079765566476,0.272,0.6257838529929071,-0.17413415050260939,1,-0.7776820055927897,0.46838250955277827
5,NASDAQ_recent,think_mix_shrink_huber,THINK+mixer x0.1 / Huber,0.6195296595487744,0.7400166957370993,0.1636901827507597,0.7977443046122119,0.2453420452643314,-0.2603871640605766,0.5066666666666667,975,0.6428813804085804,0.763353081465012,0.1703877299491121,0.8381082980264476,0.245373275441959,-0.2597804714212702,0.5066666666666667,975,0.0125928751927034,0.0099267700071414,0.5181914449853889,0.5388912191657516,0.5816395866112175,0.0686262736084569,0.0518777358548674,0.6213020536744477,-0.0017723941256733,1,0.8691592970103994,-0.2753894955237083,0.7116121308686818,6.722117246308582,0.5538461538461539,-0.427309345629528,0.4401872046072941,0.506,0.6257838529929071,-0.006254193444132694,1,-0.5272896387426692,0.5284156376949788
5,NASDAQ_recent,multiscale_mse,Multi-scale mixer / MSE,0.4481976922822071,0.5798380376162883,0.1108208891963757,0.5017545523000908,0.2245552897271841,-0.2410657507400743,0.5107692307692308,975,0.5424284897341164,0.6740396002740764,0.1345854997484701,0.6299258586398009,0.2246051702246365,-0.2331087193316249,0.5117948717948718,975,0.0076791421177439,0.0114064803864736,0.5221739431472318,0.5424830652822346,0.5863426816966771,0.0475219823290277,0.0655995105665069,0.6213020536744477,-0.1731043613922405,1,0.4504046997065987,-0.6183460733906159,0.8865398538985572,25.10168808355172,0.517948717948718,-0.6584603699486544,0.3358506757554204,0.255,0.6257838529929071,-0.17758616071069994,1,-0.784097277983766,0.4445733112666343
5,NASDAQ_recent,multiscale_huber,Multi-scale mixer / Huber,0.4193567824923482,0.5613023154280782,0.0999527181264234,0.4456995403326869,0.2082526675895151,-0.2379794367895118,0.4933333333333333,975,0.5131430594662345,0.655034449919731,0.1216673687492313,0.5592886653538329,0.2083321320046499,-0.2357194740046028,0.4974358974358974,975,-0.0028440770422582,-0.0025171065149309,0.5173654137909228,0.5336516543305536,0.578801905817241,-0.0185983276634494,-0.0166396253216343,0.6213020536744477,-0.2019452711820994,2,0.705085965131707,-0.7924638510435756,0.8647091659277716,22.853822810276657,0.5333333333333333,-0.6515338571000979,0.2597310927874826,0.196,0.6257838529929071,-0.20642707050055886,2,-0.7477453153760163,0.3763564450561023
5,NASDAQ_recent,ridge,Ridge regression,0.1942047999470868,0.3289602286980679,0.0493319732286869,0.2047946473070983,0.2193643414612039,-0.2668715414730608,0.5128205128205128,975,0.3537820831421128,0.4883981366946003,0.0867424831805345,0.3796715521738503,0.2195914610938682,-0.2618575374224039,0.522051282051282,975,0.0124487732178848,0.0012097258770364,0.5228477304423576,0.5391164515052237,0.5819986259164457,0.0573816927605543,0.005574031036055,0.6213020536744477,-0.4270972537273608,1,0.1557154277601365,-0.3334154002710524,0.5296750293943373,41.52099351146207,0.5641025641025641,-0.8596702630211989,0.0464238256456321,0.035,0.6257838529929071,-0.4315790530458202,1,-0.997908920055246,0.14674896647094088
5,NASDAQ_recent,momentum126,126-session momentum,0.3808621457630849,0.5174397177563894,0.0926373103769377,0.4088526656349436,0.2164377024342643,-0.2266589160019055,0.5148717948717949,975,0.4167322820738156,0.5532899263761701,0.101158291467176,0.4518397682841091,0.2164692869249464,-0.2262962880373674,0.5158974358974359,975,-0.001633325990799,0.0053319197140886,0.502849510429982,0.5268067188534515,0.5756183439926443,-0.0072929588948611,0.0257911149348266,0.6213020536744477,-0.2404399079113627,2,0.419268448305591,-0.5099169968042381,0.7712527115622279,8.996096015875523,0.5846153846153846,-0.8117024440852278,0.3031919770115053,0.192,0.6257838529929071,-0.24492170722982215,2,-0.8626376683159532,0.39651400110714213
5,NASDAQ_recent,reversal5,5-session reversal,0.2043492503162342,0.3416638779204172,0.0517981253427777,0.2157869310276416,0.2152759425710349,-0.2765820274360192,0.5097435897435898,975,0.3484838871891791,0.485730399904509,0.0849561046687208,0.3709176361678723,0.2153827831501568,-0.2271384442531637,0.5138461538461538,975,0.0047386388563274,0.0090503757600243,0.50574759543356,0.5315704154705725,0.5763442465012972,0.0216501628755787,0.0439278852763094,0.6213020536744477,-0.4169528033582135,2,0.1985402763461799,-0.5241456801181881,0.6445664794567315,36.13346389563796,0.5230769230769231,-1.0382968541287767,0.1694920285119425,0.084,0.6257838529929071,-0.4214346026766729,2,-1.1019941328765013,0.26926118837007096
5,NASDAQ_recent,buy_hold,Equal-weight buy-and-hold,0.3405459826817719,0.4903909243675918,0.0803857807659118,0.3487088495684201,0.1972741659058519,-0.230371340751169,0.5035897435897436,975,0.348864546320541,0.4986971259618017,0.0821624946784342,0.3573105697516034,0.1972904421525477,-0.2297438650341274,0.5035897435897436,975,,,,,,,,0.6213020536744477,-0.2807560709926758,1,0.6803579233199968,-0.7094527208234506,0.7721991109764063,2.014484253538161,0.5435897435897435,-0.7045587698601266,0.1612088690118848,0.093,0.6257838529929071,-0.2852378703111352,1,-0.8297802174075334,0.27379340170637495
5,NASDAQ_recent,equal_universe,Equal-weight rebalanced universe,0.3636555245025334,0.5066890489982308,0.0869926783208412,0.3809009018685687,0.2066685834003228,-0.2219335999221958,0.5015384615384615,975,0.3806102040422843,0.5236202623849939,0.0908138214303087,0.3997774516987009,0.2067024951171072,-0.2202507823740923,0.5015384615384615,975,,,,,,,,0.6213020536744477,-0.2576465291719143,1,0.6834767861877132,-0.6110142337391732,0.7211943009778191,4.298269466839408,0.5435897435897435,-0.6952733389301108,0.1913009036035896,0.114,0.6257838529929071,-0.26212832849037365,1,-0.8156119896976289,0.3389465707015614
5,NASDAQ_recent,market_proxy,SPY,0.6213020536744477,0.7844657362665924,0.1339844507691672,0.6265876420983796,0.1811710511595447,-0.234239913320867,0.5456410256410257,975,0.629249683541817,0.792395917982269,0.1356275263550856,0.6357252929795807,0.1811904270280333,-0.2342399133208672,0.5456410256410257,975,,,,,,,,0.6213020536744477,0.0,0,1.3315998656040435,-0.8525728255576697,1.2839175842133903,2.0676923076923077,0.6205128205128205,0.0,0.0,0.0,0.6257838529929071,-0.0044817993184593785,0,-0.290083482456724,0.27103480843780153
1,NYSE_recent,think,THINK reconstruction,-0.2622532974575688,-0.1149988570123436,-0.0423000545706269,-0.1568862500537676,0.2007446145386487,-0.3690619323926242,0.5025125628140703,995,0.3144053712706886,0.4618115437218978,0.075211437012844,0.3315295753381699,0.2005379788018412,-0.2054934773705451,0.5135678391959799,995,0.0023343963054458,-0.0036973349581537,0.5187090542703074,0.534294650838222,0.5729839268896704,0.013466098507647,-0.0205515364881579,0.4966830056683651,-0.758936303125934,1,-0.4212790021576096,-0.6484031996581165,0.4683924722770128,134.81826052995672,0.5025125628140703,-1.296603352962755,-0.1996751910613458,0.003,0.49878554595783314,-0.761038843415402,1,-1.427844730738494,-0.07043990936736946
1,NYSE_recent,think_huber,THINK / Huber,-0.5969208406304638,-0.436478928313168,-0.0927696267343978,-0.3191498112279765,0.184244474896442,-0.4225249147701495,0.4894472361809045,995,0.0999909641865348,0.2605502361056944,0.0315670351583206,0.1305597612721789,0.1841098027721792,-0.1887664631046094,0.5206030150753769,995,0.0039748461566311,-0.0020399987446632,0.5145578034392501,0.5323287593736938,0.5722799102742782,0.0238013056825366,-0.0119623586609831,0.4966830056683651,-1.093603846298829,1,-0.5528003957844527,-1.3127155240663193,0.5453317153945842,149.46260043690057,0.4894472361809045,-1.711662693823809,-0.5130341716390203,0.0,0.49878554595783314,-1.095706386588297,1,-1.8173546103484288,-0.35667808128602674
1,NYSE_recent,think_mix,THINK + stock mixer residual,-0.2289069159702941,-0.1120892034224076,-0.0586153847992351,-0.2121896709526235,0.2530484054304997,-0.389887029433316,0.4974874371859296,995,-0.2030230142978414,-0.0861890336189292,-0.0524119808277558,-0.1914918946646862,0.2530131706076214,-0.3852688983974779,0.4974874371859296,995,0.0005411137570079,0.0066151333414645,0.5105101788133104,0.5322350100587817,0.5724403579777281,0.0032826844931169,0.0404211444305235,0.4966830056683651,-0.7255899216386592,0,-0.0002576937503705,-1.013222641837976,0.787159815659513,8.355392197279343,0.4974874371859296,-1.3861680019317075,-0.0805849790230056,0.008,0.49878554595783314,-0.7276924619281273,0,-1.4608040268134863,0.018217693997704298
1,NYSE_recent,think_mix_huber,THINK+mixer / Huber,-0.1795177421794091,-0.0455916562207776,-0.0338070734779792,-0.1269765078182313,0.2207227641627047,-0.3585862854017666,0.4994974874371859,995,-0.0917131563460081,0.0422067937258348,-0.0148991018260721,-0.057548147376244,0.2207328771435701,-0.3539026759969808,0.5005025125628141,995,0.0010173292904589,0.0058894172996012,0.512022531093734,0.5310148411072855,0.570171938965874,0.0062497409711543,0.0375725421029799,0.4966830056683651,-0.6762007478477743,0,0.0745634818295985,-1.1401104466436525,0.8925074448515643,23.241313432058355,0.4994974874371859,-1.2583803983638495,-0.0792648676570046,0.017,0.49878554595783314,-0.6783032881372423,0,-1.3845498243669159,0.06261361163283556
1,NYSE_recent,stockmixer,StockMixer-inspired MLP,-0.2172729324717612,-0.0945886998616117,-0.0504865785257918,-0.1849859627591592,0.2409481255852567,-0.3295297908161896,0.4824120603015075,995,0.1323901078208716,0.2550908092526599,0.0329940246738116,0.1367473998880632,0.2409157856584417,-0.2404290535664898,0.4944723618090452,995,-0.0040948229535102,-0.0041409391761827,0.5126415761062726,0.5305121321376097,0.5705428770539257,-0.0215972538334494,-0.0216585413714749,0.4966830056683651,-0.7139559381401264,1,-0.199135036927876,-0.4251755297703931,0.2132973427591327,97.99067148520614,0.4824120603015075,-1.3487996346757356,-0.0802945375786804,0.014,0.49878554595783314,-0.7160584784295944,1,-1.4542373508502893,0.040405278532999855
1,NYSE_recent,stockmixer_huber,StockMixer / Huber,-0.4818466288381905,-0.3403682793472699,-0.0887281458009418,-0.3070953434004156,0.2089403501853703,-0.4006768157035348,0.4914572864321608,995,-0.0472732163657243,0.0942121380662592,-0.0020844333798961,-0.0082049469795468,0.2089300055469121,-0.2344841259340842,0.5035175879396985,995,-0.0023017155831052,-0.0016378553126122,0.5120573909753153,0.5311275938593473,0.5715008874815983,-0.0124730011320704,-0.0088051383161646,0.4966830056683651,-0.9785296345065556,1,-0.4069217297435625,-0.8173137835847855,0.2522330618942563,106.26032106179431,0.4914572864321608,-1.6242604697664478,-0.3106647737726702,0.0,0.49878554595783314,-0.9806321747960236,1,-1.709592886074508,-0.198856955358618
1,NYSE_recent,multiscale_mse,Multi-scale mixer / MSE,-0.3965692671980356,-0.2672913828579716,-0.0835097759046914,-0.2912956963007692,0.2286588772486601,-0.4434653428893428,0.4854271356783919,995,-0.1757437111465148,-0.0465071519942773,-0.0360567321221053,-0.1349750385940392,0.2287319941059369,-0.3516700439067131,0.4924623115577889,995,-0.0065700138608935,-0.0086327097748765,0.5145669137585757,0.5304616581843477,0.5701221467713287,-0.0328602165235893,-0.0417246856466783,0.4966830056683651,-0.8932522728664007,1,-0.3774691281436406,-0.7944530710253426,0.3575052837995552,60.108512641872686,0.4854271356783919,-1.522940392224428,-0.2911381544667082,0.003,0.49878554595783314,-0.8953548131558687,1,-1.6178838565413953,-0.16427094064378508
1,NYSE_recent,multiscale_huber,Multi-scale mixer / Huber,-0.328617924674112,-0.1916314952458542,-0.0625497698057899,-0.2251101079339772,0.2157917102420903,-0.4092828853289234,0.4914572864321608,995,0.0998655107722332,0.2368410136606541,0.0282760879609511,0.1163856305178214,0.215808923953073,-0.246279371692648,0.4974874371859296,995,0.0001925347040114,0.0012830030421764,0.5158069840289721,0.5309103031675271,0.5735180641219937,0.0010976064733884,0.0071590308557673,0.4966830056683651,-0.8253009303424771,0,-0.2552479015241123,-0.9602840890124636,0.5860957264497187,107.10029327678684,0.4914572864321608,-1.449542522902166,-0.2179373365621473,0.005,0.49878554595783314,-0.8274034706319451,0,-1.5272792091064538,-0.10313924644372938
1,NYSE_recent,ridge,Ridge regression,-0.9389485314557972,-0.7958060924763763,-0.1694768712852873,-0.5196394294886097,0.2065113330263358,-0.5819716316899426,0.4824120603015075,995,-0.0659295912413954,0.077109910003709,-0.005353531385328,-0.0209717054619265,0.2066599479791799,-0.2563858593290345,0.5045226130653266,995,0.0012944313849941,-0.002086684253423,0.5094068191398589,0.5288530363759545,0.5702298257379601,0.0068518818148325,-0.0114409107534406,0.4966830056683651,-1.4356315371241624,0,-0.9294363609910046,-1.3661529794390808,0.4777243478060101,212.248074980888,0.4824120603015075,-2.0650344474683697,-0.7977253103555321,0.0,0.49878554595783314,-1.4377340774136302,0,-2.16699435378083,-0.6872670429086865
1,NYSE_recent,momentum126,126-session momentum,0.0792763589464744,0.2201886944893511,0.0244741784049278,0.100176457435734,0.2097796177488415,-0.2736985235256922,0.5065326633165829,995,0.1632932998167574,0.3042641340861204,0.0426937108525407,0.1794793946655133,0.2096925654124863,-0.2439216000654195,0.507537688442211,995,0.0037046505334085,0.0074651592256521,0.5137156734538088,0.5336731750374525,0.5757116467780831,0.0164911862550938,0.0340251389476875,0.4966830056683651,-0.4174066467218906,1,0.3016920638838433,-0.7724730791216485,0.6537404910863057,20.67109836932392,0.5065326633165829,-0.9795124726229036,0.1233329054541493,0.069,0.49878554595783314,-0.41950918701135875,1,-1.0916530936297235,0.24755794827740307
1,NYSE_recent,reversal5,5-session reversal,-0.2259040283725969,-0.0872911234004093,-0.0404526315059795,-0.1504463305746932,0.2132596232090541,-0.3408176994816841,0.5055276381909548,995,0.2028996143592786,0.3415857165878294,0.0514392070543028,0.2190257599588254,0.2131470667303509,-0.2158337832088261,0.5185929648241207,995,0.011740118392392,0.0143853359291949,0.5167646778072265,0.534033450012942,0.5764869405242026,0.056590555903539,0.0730615136565922,0.4966830056683651,-0.722587034040962,1,-0.2380266586023669,-0.8573832681039009,0.5626278373486705,106.18104706047852,0.5055276381909548,-1.3576265537325016,-0.0682684432569898,0.016,0.49878554595783314,-0.72468957433043,1,-1.4974938864994667,0.0590754771110324
1,NYSE_recent,buy_hold,Equal-weight buy-and-hold,0.1386283322830347,0.3065291285602876,0.039238519343888,0.1641224053981012,0.17605953361572,-0.2034135906045789,0.5085427135678392,995,0.1478636802484431,0.3158133300147671,0.040930885862096,0.1716255417341792,0.1760083211093925,-0.2027692581716411,0.5085427135678392,995,,,,,,,,0.4966830056683651,-0.3580546733853303,1,0.3899276672657665,-0.584038106579981,0.5606509248102725,1.9984111323874725,0.5085427135678392,-0.8121912020926912,0.1158316542554238,0.063,0.49878554595783314,-0.36015721367479847,1,-0.9926999489314393,0.29797107071816303
1,NYSE_recent,equal_universe,Equal-weight rebalanced universe,0.0856373049388278,0.2469509744166565,0.0289038528607015,0.1190791177261898,0.18324879709183,-0.2096400942732305,0.5045226130653266,995,0.1129756813391796,0.2743286212801333,0.0340741038276102,0.141447570744454,0.1832041975628003,-0.2070316274360311,0.5045226130653266,995,,,,,,,,0.4966830056683651,-0.4110457007295372,1,0.305072866924145,-0.5907576138852438,0.5256168355013513,6.35197314608419,0.5045226130653266,-0.8715651015539556,0.0764969586913367,0.049,0.49878554595783314,-0.4131482410190053,1,-1.021506490755297,0.23340974116385182
1,NYSE_recent,market_proxy,SPY,0.4966830056683651,0.6603845663444291,0.1084710650824072,0.5017243921320995,0.1805757731581811,-0.2452396161680961,0.5396984924623116,995,0.5046323784541116,0.6683790227273276,0.1100448668104197,0.5101606010764816,0.1805260560757418,-0.244710913807762,0.5396984924623116,995,,,,,,,,0.4966830056683651,0.0,0,1.1698523137503614,-0.8624026980622194,1.1892730526599156,2.0261306532663315,0.5396984924623116,0.0,0.0,0.0,0.49878554595783314,-0.0021025402894680467,0,-0.26425595172196564,0.2634613759362279
1,NASDAQ_recent,think,THINK reconstruction,-0.0973076949852892,0.0410705097614497,-0.0138844516610298,-0.053709513314904,0.2136213281591788,-0.2761381112479907,0.4914572864321608,995,0.3003936492291491,0.4388717621694428,0.0735382077903756,0.3233667885134119,0.2134672061788313,-0.2350367090112757,0.5025125628140703,995,0.001992234191643,-0.0013699175691352,0.5059469573473949,0.5303319727676665,0.5758090859232202,0.0109512990684936,-0.0072955079222661,0.4966830056683651,-0.5939907006536543,0,-0.0602680789859486,-1.0630045982681111,0.8501873226564908,101.20102061968552,0.4914572864321608,-1.11052677068215,-0.0746923423651405,0.015,0.49878554595783314,-0.5960932409431223,0,-1.2316717085036675,0.06579471404640953
1,NASDAQ_recent,think_huber,THINK / Huber,-0.1818124509428959,-0.0319563804367526,-0.0253906817331092,-0.0965618230497626,0.1972595156568536,-0.2667463259783612,0.4753768844221105,995,0.3356166728051907,0.4854159397821725,0.0793470304660939,0.3518662081181263,0.1973343160005143,-0.2126428913071969,0.5015075376884423,995,-0.0017563736153911,-0.0002056149068782,0.5103222569464018,0.530229735127024,0.5759238467410691,-0.0096857106937939,-0.0010947563591309,0.4966830056683651,-0.6784954566112611,0,0.1046262725017558,-1.043222911218773,0.6085656821342024,118.5491215959659,0.4753768844221105,-1.171810225216088,-0.1786472717234221,0.008,0.49878554595783314,-0.680597996900729,0,-1.2641180891378774,-0.05514187868646617
1,NASDAQ_recent,think_mix,THINK + stock mixer residual,0.3833991252147511,0.4981100221012404,0.0999030088351922,0.4564118333877842,0.2576959703796268,-0.3258048858319634,0.507537688442211,995,0.5257892167637818,0.640473115749447,0.1410224048702881,0.6835306874060012,0.2577566349568915,-0.3054457756269305,0.5125628140703518,995,0.0073887213567248,0.0069338038020767,0.5186061255809249,0.5368185845281217,0.5814297435106552,0.0456524169561527,0.041644159494396,0.4966830056683651,-0.1132838804536139,1,0.5620872660349799,-0.5780072352219483,0.7706811251429067,44.57380967623759,0.507537688442211,-0.6491021019045703,0.4002099838670213,0.33,0.49878554595783314,-0.11538642074308203,1,-0.7300771883874195,0.5172387757959922
1,NASDAQ_recent,think_mix_huber,THINK+mixer / Huber,0.2909880373893052,0.4152913857543099,0.0732209173854028,0.3218231238132192,0.2378096509474508,-0.2835649505696002,0.5045226130653266,995,0.335991062558842,0.4602652654890243,0.0847731994860774,0.3788999213268527,0.2378654233082337,-0.2812824646216325,0.5055276381909548,995,0.003950952040651,0.0051236472904071,0.5169956480039564,0.5353923307676698,0.5796909990734493,0.0240715234139452,0.029522000599082,0.4966830056683651,-0.2056949682790599,0,0.4177246755984276,-0.8654882740750475,1.0950384038832843,13.039940297837685,0.5045226130653266,-0.7101665561327483,0.3052821179707542,0.215,0.49878554595783314,-0.20779750856852797,0,-0.8319888732452629,0.4555176519087868
1,NASDAQ_recent,stockmixer,StockMixer-inspired MLP,0.0550061206211772,0.177860497060302,0.0141140545134197,0.0568983131483828,0.2406144310286627,-0.2686564153003904,0.4994974874371859,995,0.3957599872791065,0.5185467230697548,0.1007743602798112,0.4609727577690083,0.2407469804937398,-0.2454401936888157,0.5105527638190954,995,0.0004982198426612,-0.0013578014977962,0.5200106000294457,0.5359918700571042,0.5791603932948561,0.0025860125672365,-0.0068865497798996,0.4966830056683651,-0.4416768850471878,1,0.1576041824892697,-0.6069170587015271,0.5329275804583624,94.70355422834984,0.4994974874371859,-0.9877244749228112,0.080338259468633,0.047,0.49878554595783314,-0.44377942533665593,1,-1.0902053886331755,0.1991560773247112
1,NASDAQ_recent,stockmixer_huber,StockMixer / Huber,0.2509896981674861,0.3797302296093651,0.0628903357564001,0.2722936658829089,0.2296132814988923,-0.2578034444513025,0.4984924623115578,995,0.5241534575238782,0.6529140580274067,0.1316605170718416,0.629647158058648,0.2295774931980929,-0.2351278554580568,0.5045226130653266,995,0.0042570151689928,0.0031219259264409,0.5148550797810988,0.5319220867662112,0.5794603960638531,0.0226079132148688,0.015727302203642,0.4966830056683651,-0.2456933075008789,1,0.3960402957085664,-0.4311024987939629,0.5786233119061651,75.31547873239249,0.4984924623115578,-0.7260118208153163,0.2392636239865901,0.159,0.49878554595783314,-0.24779584779034702,1,-0.8363354481347369,0.33796985366074683
1,NASDAQ_recent,multiscale_mse,Multi-scale mixer / MSE,0.1614887895713234,0.2850330411222628,0.0405081075553672,0.1697477729038741,0.2392708322336863,-0.2708069556950447,0.4934673366834171,995,0.4229042683166109,0.5464106786314259,0.1076699556896383,0.4974436654751935,0.2393441426313988,-0.2593614224545547,0.5025125628140703,995,0.0036481810673739,0.0019614386163977,0.518689713096216,0.5366790791530828,0.5799563235059119,0.0196430024491516,0.0100730603704611,0.4966830056683651,-0.3351942160970417,1,0.3666914868875817,-0.5054927569297138,0.5281372907102692,73.64229619673928,0.4934673366834171,-0.8341803092075193,0.1556344685770274,0.101,0.49878554595783314,-0.33729675638650974,1,-0.9272583098313557,0.2566784114866988
1,NASDAQ_recent,multiscale_huber,Multi-scale mixer / Huber,0.087525358570452,0.2206779952881472,0.0247172936347217,0.1012076694563459,0.2220048856332767,-0.2595359168207947,0.4914572864321608,995,0.4162263500638791,0.5494191443451,0.1022642725641622,0.4687961215173508,0.2219379512668498,-0.2333308790184598,0.4994974874371859,995,0.0052423266691081,0.0036431307640502,0.5177810555140332,0.5364336874915605,0.5808159813126997,0.0301476905524163,0.020168556404815,0.4966830056683651,-0.4091576470979131,1,0.2437693746899785,-0.6191521240921315,0.5686160780036025,87.10008370438038,0.4914572864321608,-0.9074079312380549,0.1166923411729949,0.057,0.49878554595783314,-0.4112601873873811,1,-1.0197812694293034,0.22444806291818775
1,NASDAQ_recent,ridge,Ridge regression,-0.8423366267129391,-0.7024276186596129,-0.1569344717377868,-0.4903524488478347,0.2112840073529376,-0.6034183969823281,0.4633165829145728,995,0.0171989566873357,0.1571799287624328,0.0110489717620736,0.0443416119370652,0.2111753865405543,-0.3014237582069176,0.4964824120603015,995,0.00183137471227,-0.0005205959952374,0.5089080030912112,0.5298026011853019,0.575634205448999,0.009003299958088,-0.0027302297839497,0.4966830056683651,-1.3390196323813042,0,-0.8611726211596697,-2.008574045928376,0.9767667318737048,211.97308007396185,0.4633165829145728,-1.9093309186170164,-0.7695786437379863,0.0,0.49878554595783314,-1.3411221726707723,0,-1.9885017154006823,-0.6529881094145189
1,NASDAQ_recent,momentum126,126-session momentum,-0.004014658391692,0.1303564254272359,0.0045008523802283,0.0178894830995341,0.2199917947087151,-0.3370833959442997,0.5035175879396985,995,0.0802934296922899,0.2147671508689319,0.0233303207868287,0.0953342775204511,0.2198238854969368,-0.2893321512896549,0.5045226130653266,995,0.0053136992425669,0.0128810921689612,0.5166876802762913,0.536846606696292,0.5828189474092688,0.0216132967355387,0.0561532443323598,0.4966830056683651,-0.5006976640600571,1,0.1011479419670948,-0.9114574781588284,0.8387697234693702,21.5922512290144,0.5035175879396985,-1.054485431047777,0.0508574060018118,0.041,0.49878554595783314,-0.5028002043495251,1,-1.122352573519014,0.1417975110257697
1,NASDAQ_recent,reversal5,5-session reversal,-0.0916380069709374,0.0378986012954476,-0.0171258341289404,-0.065931573011609,0.2282021760635534,-0.2818349528299961,0.5015075376884423,995,0.1709771490651165,0.3005075331002909,0.0435797181810746,0.1834416042857811,0.22821314170005,-0.246297138751708,0.5035175879396985,995,0.0080246348385793,0.005320528229848,0.5136616138238781,0.5357247550705432,0.5784511330864612,0.0355455768149384,0.0249605605865307,0.4966830056683651,-0.5883210126393025,1,-0.0603726210737206,-0.7635653436324902,0.6844128647475972,70.22831624646184,0.5015075376884423,-1.1892295800794712,-0.0021689737275482,0.025,0.49878554595783314,-0.5904235529287706,1,-1.2501844938355933,0.07916610124197722
1,NASDAQ_recent,buy_hold,Equal-weight buy-and-hold,0.2509462366581084,0.3993985802795053,0.0615676816503425,0.266053862083959,0.1991247505103078,-0.2448702719675466,0.4964824120603015,995,0.2591859803869178,0.4076807654668843,0.0633068610844822,0.2742634278618721,0.1990678384453865,-0.244243480071706,0.4964824120603015,995,,,,,,,,0.4966830056683651,-0.2457367690102566,1,0.5469789811459829,-0.703460682831723,0.7022947576133233,1.9934312168299937,0.4964824120603015,-0.6836683794759182,0.1861185768459503,0.126,0.49878554595783314,-0.24783930929972475,1,-0.7839020457904557,0.3003494800657801
1,NASDAQ_recent,equal_universe,Equal-weight rebalanced universe,0.2553399021444292,0.3984421280185287,0.0629318332691888,0.2724898069394768,0.2065693647021839,-0.2361942414910438,0.4984924623115578,995,0.2806904924291625,0.4238242698668958,0.0685080403493705,0.2990522195205241,0.2065238297727503,-0.2335012113152409,0.4994974874371859,995,,,,,,,,0.4966830056683651,-0.2413431035239359,1,0.5289359999078522,-0.5951849288987101,0.6345955458542929,6.585377040091473,0.4984924623115578,-0.6840891884039871,0.1968076372196461,0.137,0.49878554595783314,-0.24344564381340394,1,-0.7800450194316457,0.3164029385517152
1,NASDAQ_recent,market_proxy,SPY,0.4966830056683651,0.6603845663444291,0.1084710650824072,0.5017243921320995,0.1805757731581811,-0.2452396161680961,0.5396984924623116,995,0.5046323784541116,0.6683790227273276,0.1100448668104197,0.5101606010764816,0.1805260560757418,-0.244710913807762,0.5396984924623116,995,,,,,,,,0.4966830056683651,0.0,0,1.1698523137503614,-0.8624026980622194,1.1892730526599156,2.0261306532663315,0.5396984924623116,0.0,0.0,0.0,0.49878554595783314,-0.0021025402894680467,0,-0.26425595172196564,0.2634613759362279
