horizon,dataset,year,model,seed_sharpe_mean,seed_sharpe_std,seed_sharpe_min,seed_sharpe_max
5,NASDAQ_recent,2022,lstm,-0.6169157999940842,0.1615839321323824,-0.7548074683905703,-0.439117850687831
5,NASDAQ_recent,2022,market_transformer,-0.40319916179145726,0.1381459055884579,-0.4972511452669467,-0.2445937833637875
5,NASDAQ_recent,2022,mlp,-0.22354421495324697,0.11481085389736179,-0.3169377727794683,-0.0953626847668978
5,NASDAQ_recent,2022,momentum126,-0.5099169968042381,,-0.5099169968042381,-0.5099169968042381
5,NASDAQ_recent,2022,multiscale_huber,-0.6742339073269367,0.3192548120826349,-1.0385935802602495,-0.4435241152363002
5,NASDAQ_recent,2022,multiscale_mse,-0.6256690365837657,0.23295671643514856,-0.8882772640908552,-0.4439018584520563
5,NASDAQ_recent,2022,reversal5,-0.5241456801181881,,-0.5241456801181881,-0.5241456801181881
5,NASDAQ_recent,2022,ridge,-0.3334154002710524,,-0.3334154002710524,-0.3334154002710524
5,NASDAQ_recent,2022,stockmixer,-0.3030079341188469,0.39682434504708525,-0.5861790088780042,0.1505554352245685
5,NASDAQ_recent,2022,stockmixer_huber,-0.3804051051270186,0.21549307639204593,-0.6258452469867406,-0.2222362183379811
5,NASDAQ_recent,2022,think,-0.5792109812481855,0.0588822829923407,-0.6417618043097488,-0.5248559433961039
5,NASDAQ_recent,2022,think_gate,-0.6139068507930897,0.05198859588301731,-0.6517569898150596,-0.5546290944582903
5,NASDAQ_recent,2022,think_huber,-0.597480978428523,0.47549677617327235,-1.124172767579808,-0.1998071136395302
5,NASDAQ_recent,2022,think_mix,-0.4834787378829768,0.04507715561794811,-0.525356415712175,-0.4357696723475565
5,NASDAQ_recent,2022,think_mix_huber,-0.5218160717317065,0.2247326853144851,-0.771790659313539,-0.3365020921282168
5,NASDAQ_recent,2022,think_mix_shrink,-0.7006276282137214,0.2846510030760752,-1.027672671521961,-0.5086912316417117
5,NASDAQ_recent,2022,think_mix_shrink_huber,-0.5606474653495858,0.3313659436687599,-0.8461983292862653,-0.1973070391000824
5,NASDAQ_recent,2022,think_rank,-0.6567418588075209,0.06452358561113247,-0.7273707754013582,-0.6008857305273043
5,NASDAQ_recent,2022,think_risk,-0.693005827413698,0.19361792150746263,-0.8980954849939429,-0.5133793938525059
5,NASDAQ_recent,2023,lstm,0.5927521181263983,0.42576692228303215,0.2319346023548606,1.0623589263940942
5,NASDAQ_recent,2023,market_transformer,0.5885689962457468,0.35178794868745134,0.1824413037573909,0.7987027708691598
5,NASDAQ_recent,2023,mlp,0.5037258687083312,0.5975173663246716,-0.0164376464248024,1.1563626430595884
5,NASDAQ_recent,2023,momentum126,-0.0516409040574482,,-0.0516409040574482,-0.0516409040574482
5,NASDAQ_recent,2023,multiscale_huber,1.035534668583337,0.02341468269077391,1.0175352985706902,1.0620061701772536
5,NASDAQ_recent,2023,multiscale_mse,0.9716605211825994,0.11872659235287661,0.8459560325984943,1.081891979208974
5,NASDAQ_recent,2023,reversal5,0.0489501448858426,,0.0489501448858426,0.0489501448858426
5,NASDAQ_recent,2023,ridge,0.9041445796530726,,0.9041445796530726,0.9041445796530726
5,NASDAQ_recent,2023,stockmixer,0.41275165155298765,0.11737554459077382,0.3206717467472504,0.5449193394201393
5,NASDAQ_recent,2023,stockmixer_huber,0.16622222566804765,0.47604959582010725,-0.1899169124678039,0.7069168123455933
5,NASDAQ_recent,2023,think,0.8628629297423195,0.08019441427602046,0.7738433557387222,0.9294584737888189
5,NASDAQ_recent,2023,think_gate,0.8899843908738116,0.09496955886756005,0.7906818911177564,0.979928037902517
5,NASDAQ_recent,2023,think_huber,0.6920927552313261,0.1986720597806057,0.5120088199052942,0.9052116074648646
5,NASDAQ_recent,2023,think_mix,1.0795144767684486,0.03157218236925071,1.0545518779866354,1.1150056478691428
5,NASDAQ_recent,2023,think_mix_huber,1.0994390040644018,0.002596763104074677,1.0971347942042344,1.1022527772251844
5,NASDAQ_recent,2023,think_mix_shrink,1.0702542712804635,0.0309434536249233,1.0449730538059343,1.1047613464559058
5,NASDAQ_recent,2023,think_mix_shrink_huber,1.0839315559655016,0.015436885340012944,1.0661279243519846,1.0935886565055486
5,NASDAQ_recent,2023,think_rank,0.8370493524000787,0.1012794649262983,0.7730155169746852,0.9538146090716748
5,NASDAQ_recent,2023,think_risk,0.5051742426263628,0.10016317529786221,0.4118866075312558,0.6110272194275478
5,NASDAQ_recent,2024,lstm,0.5046958743262,0.07704066466779712,0.4159095119575243,0.553884929305751
5,NASDAQ_recent,2024,market_transformer,-0.9056364743214815,0.5425772459430356,-1.492639041459862,-0.4225011815534067
5,NASDAQ_recent,2024,mlp,0.329283220626087,0.14446800900455484,0.1883676127935104,0.4770591933490778
5,NASDAQ_recent,2024,momentum126,0.8901778006686303,,0.8901778006686303,0.8901778006686303
5,NASDAQ_recent,2024,multiscale_huber,0.33253652016155183,0.20874347461040393,0.1691339555283476,0.5676931366829088
5,NASDAQ_recent,2024,multiscale_mse,0.2419595200800155,0.3347030298913991,0.0370897040514369,0.6282031437441155
5,NASDAQ_recent,2024,reversal5,0.3481304078065173,,0.3481304078065173,0.3481304078065173
5,NASDAQ_recent,2024,ridge,-0.0161575677152989,,-0.0161575677152989,-0.0161575677152989
5,NASDAQ_recent,2024,stockmixer,0.39194025889581474,0.3358477368790981,0.0081404596574109,0.6319752594833595
5,NASDAQ_recent,2024,stockmixer_huber,0.7127304410028673,0.1041418397777041,0.6374134247733408,0.8315741269027159
5,NASDAQ_recent,2024,think,0.7106152570818498,0.11363808971007655,0.6203486293011073,0.8382262489510237
5,NASDAQ_recent,2024,think_gate,0.7952201293228823,0.12277134549115348,0.6631119487684934,0.9058093152737688
5,NASDAQ_recent,2024,think_huber,0.6803520466533627,0.20237544192509627,0.4772872936984318,0.8820310609919799
5,NASDAQ_recent,2024,think_mix,1.2601762883878602,0.660518104743278,0.6438420503102195,1.9574234080995403
5,NASDAQ_recent,2024,think_mix_huber,0.9899245314533248,0.45755842288801474,0.4615847385543354,1.2556780267652234
5,NASDAQ_recent,2024,think_mix_shrink,0.646845503471222,0.25663677197507856,0.3509652311715885,0.8090538237279775
5,NASDAQ_recent,2024,think_mix_shrink_huber,1.128861054641275,0.12635201724633285,1.0521678952353422,1.2746946183817038
5,NASDAQ_recent,2024,think_rank,0.805719585457321,0.1346702764492769,0.6846622728345582,0.9507759215803514
5,NASDAQ_recent,2024,think_risk,0.7449064841399974,0.1246022100587647,0.6098026659173407,0.8553061408907643
5,NASDAQ_recent,2025,lstm,1.6530834530901666,0.16322759587140362,1.5063115431851504,1.828874256077734
5,NASDAQ_recent,2025,market_transformer,0.39080187441207176,0.21947282043908758,0.1685218021286796,0.6073553632567101
5,NASDAQ_recent,2025,mlp,0.7532347731682753,0.03875750229113752,0.7208060529673663,0.796159198102906
5,NASDAQ_recent,2025,momentum126,1.1197482650708448,,1.1197482650708448,1.1197482650708448
5,NASDAQ_recent,2025,multiscale_huber,0.5164959563273411,0.15494510483347365,0.3572002825495423,0.6666891810783393
5,NASDAQ_recent,2025,multiscale_mse,0.782548096369295,0.21121682636291414,0.5649203885394805,0.9867096473060868
5,NASDAQ_recent,2025,reversal5,1.0243908483388064,,1.0243908483388064,1.0243908483388064
5,NASDAQ_recent,2025,ridge,0.3275884232355721,,0.3275884232355721,0.3275884232355721
5,NASDAQ_recent,2025,stockmixer,0.7516103807105461,0.4255673780705114,0.4106913231435746,1.228563368508324
5,NASDAQ_recent,2025,stockmixer_huber,0.5603803440320685,0.3568827827857833,0.23975938798211,0.94489379383738
5,NASDAQ_recent,2025,think,0.6230461895226859,0.2641178131818815,0.4228741124501096,0.9223973125828744
5,NASDAQ_recent,2025,think_gate,0.540256425679686,0.23705994648823722,0.3246929816386281,0.7941433133305723
5,NASDAQ_recent,2025,think_huber,0.44561336722148415,0.1736838499791741,0.2454880145535589,0.557010158352914
5,NASDAQ_recent,2025,think_mix,0.42358964436024255,0.029331920258218867,0.3897230603788162,0.4409133375628614
5,NASDAQ_recent,2025,think_mix_huber,0.4308167701626453,0.35642308724087596,0.1173161938701309,0.8184901160933367
5,NASDAQ_recent,2025,think_mix_shrink,0.6201120453139596,0.5252582644959928,0.0281762165603404,1.0305580161018857
5,NASDAQ_recent,2025,think_mix_shrink_huber,0.42425130284602713,0.2525769980432443,0.139401765425694,0.6209042534739354
5,NASDAQ_recent,2025,think_rank,0.5198584453274613,0.15448077252402906,0.3489948593651403,0.6496584174879978
5,NASDAQ_recent,2025,think_risk,0.5373493580922027,0.519557576877495,0.1148448016329546,1.1174613664621535
5,NYSE_recent,2022,lstm,-0.5762872211726126,0.03662715219871911,-0.6035448134830785,-0.5346527822955021
5,NYSE_recent,2022,market_transformer,-0.25413828290137364,0.6025923570764293,-0.7437488477535588,0.4188359730570968
5,NYSE_recent,2022,mlp,-0.8633121428297401,0.11102632127419654,-0.9810018879650084,-0.7604367475173349
5,NYSE_recent,2022,momentum126,-0.640927835497356,,-0.640927835497356,-0.640927835497356
5,NYSE_recent,2022,multiscale_huber,-0.7297395629219734,0.07375725754448026,-0.814822433964977,-0.6839099923983002
5,NYSE_recent,2022,multiscale_mse,-0.6432053972646559,0.07565755909932127,-0.7304820631773201,-0.5962273129337162
5,NYSE_recent,2022,reversal5,-0.1578409456157022,,-0.1578409456157022,-0.1578409456157022
5,NYSE_recent,2022,ridge,-0.1272331448811897,,-0.1272331448811897,-0.1272331448811897
5,NYSE_recent,2022,stockmixer,-0.9975150133456093,0.21984585234416013,-1.1487491547729063,-0.7453239506541174
5,NYSE_recent,2022,stockmixer_huber,-0.7395664489300774,0.040117413131124185,-0.784977245128637,-0.7089363093338805
5,NYSE_recent,2022,think,-0.5008302495183335,0.02785344888839124,-0.5306505492825931,-0.4754856899041922
5,NYSE_recent,2022,think_gate,-0.41832256963558895,0.11062109938110062,-0.5443279506472126,-0.337181229914083
5,NYSE_recent,2022,think_huber,-0.4600738205923647,0.25376623298352463,-0.6706338970819834,-0.178312503895242
5,NYSE_recent,2022,think_mix,-0.7152508088186851,0.05403932457709944,-0.7653709569110343,-0.658000259983377
5,NYSE_recent,2022,think_mix_huber,-0.8198679964226244,0.08473080727665379,-0.9062700940696504,-0.7369137358622116
5,NYSE_recent,2022,think_mix_shrink,-0.7260673694041603,0.07466770097092301,-0.8122549339349378,-0.6809627767367226
5,NYSE_recent,2022,think_mix_shrink_huber,-1.320147158075348,0.10079762753152924,-1.392235897784509,-1.2049663748490236
5,NYSE_recent,2022,think_rank,-0.33005796654273395,0.14326270042503186,-0.4212267280112025,-0.1649311496935303
5,NYSE_recent,2022,think_risk,-0.4433076931415673,0.176592619958871,-0.6468877126399107,-0.3314511462654185
5,NYSE_recent,2023,lstm,0.2728913513073157,0.3360876979711481,-0.0958750302857508,0.561981072858207
5,NYSE_recent,2023,market_transformer,0.37973039235604333,0.910033064132406,-0.2918957676900865,1.4154355381081631
5,NYSE_recent,2023,mlp,-0.337700289712996,0.06243141552984201,-0.4047236190228025,-0.281197612874378
5,NYSE_recent,2023,momentum126,0.3897477017412503,,0.3897477017412503,0.3897477017412503
5,NYSE_recent,2023,multiscale_huber,0.4682262905238188,0.16750414238087818,0.3406990398179018,0.6579273525677635
5,NYSE_recent,2023,multiscale_mse,0.28562689564839755,0.36161291608629803,-0.1282200546884685,0.5406328765033341
5,NYSE_recent,2023,reversal5,1.466388237611543,,1.466388237611543,1.466388237611543
5,NYSE_recent,2023,ridge,0.6953972157308322,,0.6953972157308322,0.6953972157308322
5,NYSE_recent,2023,stockmixer,0.5018799072915296,0.2722754432750526,0.2607041607573509,0.7971377879250457
5,NYSE_recent,2023,stockmixer_huber,0.6472164025762036,0.5617594093516242,0.0073238358916352,1.0592320148041814
5,NYSE_recent,2023,think,0.17225950111343513,0.3498269264538167,-0.1626148775734369,0.5353321712532624
5,NYSE_recent,2023,think_gate,0.13004191947417315,0.5502563049936794,-0.3467930073277407,0.7321259067973317
5,NYSE_recent,2023,think_huber,0.5227176481477126,0.5597673943285972,-0.1235954138514613,0.8528816872897372
5,NYSE_recent,2023,think_mix,0.96091289524726,0.498591250208295,0.3976203380051843,1.3456094334557085
5,NYSE_recent,2023,think_mix_huber,0.6409594803108408,0.21792805318125366,0.455740768711745,0.8810922512638807
5,NYSE_recent,2023,think_mix_shrink,0.8306353461013956,0.8050541016232103,-0.0974884426802999,1.339993830468614
5,NYSE_recent,2023,think_mix_shrink_huber,0.6423454044571022,0.3032464279943164,0.4611332527434533,0.9924317553731192
5,NYSE_recent,2023,think_rank,0.10546620135739852,0.25914112897255637,-0.1697600558774818,0.344774979938496
5,NYSE_recent,2023,think_risk,-0.09638904238662034,0.34110631365719013,-0.388867486565746,0.2783141527593435
5,NYSE_recent,2024,lstm,-0.19178686614014817,0.005552762763123259,-0.1964038817423537,-0.1856253660602741
5,NYSE_recent,2024,market_transformer,-0.3726063841408506,0.14558583690894641,-0.5114871750551374,-0.2211334930204339
5,NYSE_recent,2024,mlp,0.18311903056025855,0.33808029385441873,-0.1344651690027055,0.5385160444045729
5,NYSE_recent,2024,momentum126,1.2867836443320584,,1.2867836443320584,1.2867836443320584
5,NYSE_recent,2024,multiscale_huber,0.3167812035201218,0.29251023336581405,0.1331905706228501,0.654102682033022
5,NYSE_recent,2024,multiscale_mse,0.3074245172925895,0.4342808526710217,-0.0169263463246389,0.8008056962580702
5,NYSE_recent,2024,reversal5,-1.1018044722806175,,-1.1018044722806175,-1.1018044722806175
5,NYSE_recent,2024,ridge,-0.643055567634801,,-0.643055567634801,-0.643055567634801
5,NYSE_recent,2024,stockmixer,0.1300038928735624,0.6060596802405792,-0.5523889135951292,0.6056003678085966
5,NYSE_recent,2024,stockmixer_huber,0.06728979780791382,0.3792060202559795,-0.2455847583952987,0.4890181233628038
5,NYSE_recent,2024,think,-0.2819287062232593,0.06929542137152808,-0.3405987291956155,-0.2054744128412901
5,NYSE_recent,2024,think_gate,-0.3411994637650017,0.1944064614093197,-0.5481809766568388,-0.162456715794287
5,NYSE_recent,2024,think_huber,0.16600600909261135,0.7340287505691795,-0.3260768676705494,1.009700388954044
5,NYSE_recent,2024,think_mix,0.9671130163794329,0.29020583912959436,0.745613153555548,1.295630684478108
5,NYSE_recent,2024,think_mix_huber,0.9487449709581997,0.22832778713165555,0.7514269094900116,1.1988396822311478
5,NYSE_recent,2024,think_mix_shrink,0.3577572894380297,0.6844663548681328,-0.3739080208543643,0.982421156443461
5,NYSE_recent,2024,think_mix_shrink_huber,0.5146039863122667,0.6353857444495234,-0.1441979267376574,1.1236477038216592
5,NYSE_recent,2024,think_rank,-0.40218695431998763,0.5543823902000438,-0.9319016118509872,0.1739445634839313
5,NYSE_recent,2024,think_risk,-0.2768317821574895,1.0607542929970883,-1.500992606785101,0.370919019795864
5,NYSE_recent,2025,lstm,0.6136530711837479,0.19437764922804956,0.3986858746148073,0.7770338860258477
5,NYSE_recent,2025,market_transformer,0.472519697533995,0.2573348691268997,0.2678131852481926,0.7614008811821241
5,NYSE_recent,2025,mlp,0.36440891553604526,0.0866771844445685,0.2739432948634155,0.4467215439743229
5,NYSE_recent,2025,momentum126,1.1306293572714434,,1.1306293572714434,1.1306293572714434
5,NYSE_recent,2025,multiscale_huber,0.08748071150629709,0.14250418595292696,-0.0206416163426227,0.2489644739820135
5,NYSE_recent,2025,multiscale_mse,0.0038776399866316327,0.0662361040976693,-0.0560734544493088,0.0749825099924499
5,NYSE_recent,2025,reversal5,0.0391357858690994,,0.0391357858690994,0.0391357858690994
5,NYSE_recent,2025,ridge,-0.0383305218844769,,-0.0383305218844769,-0.0383305218844769
5,NYSE_recent,2025,stockmixer,0.08989190522648179,0.1743971653966181,-0.1112603137549261,0.1986966171208239
5,NYSE_recent,2025,stockmixer_huber,0.3025671410147909,0.07758784031919132,0.2170688207508347,0.3684982098133955
5,NYSE_recent,2025,think,0.9184665924999217,0.10647568987464545,0.7974105629384246,0.997599735992564
5,NYSE_recent,2025,think_gate,0.8661167519185001,0.1346885137151024,0.7117957360747392,0.9600034004142126
5,NYSE_recent,2025,think_huber,0.7326134134515199,0.17901103661397355,0.5921405809729544,0.9341719098266124
5,NYSE_recent,2025,think_mix,0.4870790765624027,0.7062318946115461,-0.3043688501639724,1.0530120979307556
5,NYSE_recent,2025,think_mix_huber,0.22966919554959672,0.15168966609944431,0.1401829303902638,0.4048113736098037
5,NYSE_recent,2025,think_mix_shrink,0.27199686210780405,0.3897356957981961,-0.0045527503606628,0.7177357255291494
5,NYSE_recent,2025,think_mix_shrink_huber,-0.20638483868950683,0.3087918753553661,-0.4675050838522586,0.1344479294264042
5,NYSE_recent,2025,think_rank,0.647754803431822,0.34716781834426613,0.2506571300207556,0.8938491175516784
5,NYSE_recent,2025,think_risk,0.9226994648237454,0.18261131293720725,0.7135326723453981,1.050387650737154
1,NASDAQ_recent,2022,momentum126,-0.510095935354619,,-0.510095935354619,-0.510095935354619
1,NASDAQ_recent,2022,multiscale_huber,-0.5786644263983808,0.14512910044494978,-0.7285161460926874,-0.4387708640025415
1,NASDAQ_recent,2022,multiscale_mse,-0.679450229216716,0.05286239477467135,-0.7303353936154056,-0.6248107668004379
1,NASDAQ_recent,2022,reversal5,-0.7635653436324902,,-0.7635653436324902,-0.7635653436324902
1,NASDAQ_recent,2022,ridge,-1.3942361160450507,,-1.3942361160450507,-1.3942361160450507
1,NASDAQ_recent,2022,stockmixer,-0.7403033939009683,0.2600105543729336,-0.9716759120119676,-0.4589199508544553
1,NASDAQ_recent,2022,stockmixer_huber,-0.6536698583839403,0.26158250501734925,-0.9455465112547864,-0.4404156975346494
1,NASDAQ_recent,2022,think,-0.9479939333730947,0.2815002634318668,-1.2707731433920602,-0.7533991405632119
1,NASDAQ_recent,2022,think_huber,-0.8932050158381596,0.3347997921534,-1.2763848064358887,-0.657221011875305
1,NASDAQ_recent,2022,think_mix,-0.587151394652217,0.13691781559702548,-0.7158794558967507,-0.4432996107969599
1,NASDAQ_recent,2022,think_mix_huber,-0.595356890254084,0.07806386621199413,-0.6852418573892837,-0.5445418671768533
1,NASDAQ_recent,2023,momentum126,-0.9114574781588284,,-0.9114574781588284,-0.9114574781588284
1,NASDAQ_recent,2023,multiscale_huber,0.7249762609994396,0.06803396047505128,0.6631461001483767,0.7978602964366175
1,NASDAQ_recent,2023,multiscale_mse,0.3806249335478988,0.35315713835583856,0.0241373118438508,0.7303545923598305
1,NASDAQ_recent,2023,reversal5,0.6718812365582134,,0.6718812365582134,0.6718812365582134
1,NASDAQ_recent,2023,ridge,-2.008574045928376,,-2.008574045928376,-2.008574045928376
1,NASDAQ_recent,2023,stockmixer,0.44526189634141766,0.5570129599372815,0.1171864122561733,1.088401188261272
1,NASDAQ_recent,2023,stockmixer_huber,0.9272569627734942,0.4548122452594477,0.5981090076475896,1.4462324021918778
1,NASDAQ_recent,2023,think,0.8210127005144733,0.2191865224467926,0.5679545272049911,0.9512703677663532
1,NASDAQ_recent,2023,think_huber,0.33128706709009664,0.6336360365565402,-0.4000218681775546,0.7165644224153899
1,NASDAQ_recent,2023,think_mix,1.1107734270934584,0.3135552084426348,0.9217350732385264,1.4727159469070068
1,NASDAQ_recent,2023,think_mix_huber,1.0467052667833607,0.043812868927409,0.996403452951256,1.0765319760423826
1,NASDAQ_recent,2024,momentum126,0.7123918192888087,,0.7123918192888087,0.7123918192888087
1,NASDAQ_recent,2024,multiscale_huber,0.23933361756967397,0.38214049332077327,-0.0745186592837029,0.664874569197175
1,NASDAQ_recent,2024,multiscale_mse,0.3816855828401097,0.31864475095838785,0.0837166322054624,0.717606827297692
1,NASDAQ_recent,2024,reversal5,-0.4932688722774647,,-0.4932688722774647,-0.4932688722774647
1,NASDAQ_recent,2024,ridge,-0.3281091262742889,,-0.3281091262742889,-0.3281091262742889
1,NASDAQ_recent,2024,stockmixer,-0.002691192999473994,0.2294371553491636,-0.2517367960999194,0.2000851959251802
1,NASDAQ_recent,2024,stockmixer_huber,0.3460028596869156,0.290859774744054,0.1444602784771554,0.6794431201473444
1,NASDAQ_recent,2024,think,-0.13477087138479357,0.1026245278255647,-0.2532280258983333,-0.0727636937903306
1,NASDAQ_recent,2024,think_huber,-0.11683001861392335,0.25973613653342,-0.4164986089656872,0.04358315120662
1,NASDAQ_recent,2024,think_mix,1.3438233056380753,0.6140733403330915,0.693274726319326,1.9133842645358847
1,NASDAQ_recent,2024,think_mix_huber,1.0703980186506319,0.44434589945436825,0.6014028770007717,1.4851064276444474
1,NASDAQ_recent,2025,momentum126,0.7156533944218583,,0.7156533944218583,0.7156533944218583
1,NASDAQ_recent,2025,multiscale_huber,0.25788727682214785,0.20832429810730918,0.0744434433959944,0.4843692883902716
1,NASDAQ_recent,2025,multiscale_mse,0.38442408446763254,0.19880769500803633,0.2349610159289822,0.6100532428125753
1,NASDAQ_recent,2025,reversal5,0.3725236301300235,,0.3725236301300235,0.3725236301300235
1,NASDAQ_recent,2025,ridge,0.1305119416137158,,0.1305119416137158,0.1305119416137158
1,NASDAQ_recent,2025,stockmixer,0.3524005905132214,0.14509386480606926,0.2408563126620302,0.5164346117582839
1,NASDAQ_recent,2025,stockmixer_huber,0.6702213956223019,0.2506236526174048,0.5108220066450991,0.9591006573409758
1,NASDAQ_recent,2025,think,0.12911343708529793,0.33326498181763864,-0.2522636791014637,0.3642898535527678
1,NASDAQ_recent,2025,think_huber,-0.031136593275169638,0.23918552938324522,-0.2834051142149634,0.1923637930983489
1,NASDAQ_recent,2025,think_mix,0.0005389467840967906,0.28547496125611516,-0.2162743043361443,0.3239803697798508
1,NASDAQ_recent,2025,think_mix_huber,0.16878766697704617,0.33079960851604406,-0.1909913954103606,0.4597971815000179
1,NYSE_recent,2022,momentum126,-0.7724730791216485,,-0.7724730791216485,-0.7724730791216485
1,NYSE_recent,2022,multiscale_huber,-0.8451241515094815,0.24998400093314566,-1.1335318954346238,-0.6905409416320861
1,NYSE_recent,2022,multiscale_mse,-0.7274196631596642,0.07883240374770804,-0.7946201581261376,-0.6406440643580075
1,NYSE_recent,2022,reversal5,-0.3786738965860571,,-0.3786738965860571,-0.3786738965860571
1,NYSE_recent,2022,ridge,-1.3661529794390808,,-1.3661529794390808,-1.3661529794390808
1,NYSE_recent,2022,stockmixer,-0.4093636373629283,0.27699965845464153,-0.7097078786050949,-0.1639349508343524
1,NYSE_recent,2022,stockmixer_huber,-0.9602298277304712,0.12526928272460588,-1.1021418760375878,-0.86502259529163
1,NYSE_recent,2022,think,-0.7675312590350759,0.06885704034546357,-0.8089876303948188,-0.6880466357470656
1,NYSE_recent,2022,think_huber,-0.7163322449394348,0.20223629209821045,-0.8719033531087378,-0.487723149692059
1,NYSE_recent,2022,think_mix,-1.1641732846532389,0.3134138517605313,-1.4416437763544596,-0.8242271117840284
1,NYSE_recent,2022,think_mix_huber,-0.9234796379878372,0.2669689370231886,-1.183972627499361,-0.6504747279046309
1,NYSE_recent,2023,momentum126,0.0272143019816845,,0.0272143019816845,0.0272143019816845
1,NYSE_recent,2023,multiscale_huber,0.2985345949600963,0.37651484335156443,0.0582931461257497,0.7324649144513107
1,NYSE_recent,2023,multiscale_mse,-0.18180941029952583,0.05476936606919498,-0.2189402349835541,-0.1189082352671682
1,NYSE_recent,2023,reversal5,0.4895817257146961,,0.4895817257146961,0.4895817257146961
1,NYSE_recent,2023,ridge,-1.2996472020369767,,-1.2996472020369767,-1.2996472020369767
1,NYSE_recent,2023,stockmixer,-0.41326862119765223,0.3875759909635119,-0.7887948602860069,-0.0146733845828891
1,NYSE_recent,2023,stockmixer_huber,-0.140894724528809,0.3459387743795291,-0.3585094078707191,0.2580100539021265
1,NYSE_recent,2023,think,0.06162386632482438,1.2034240198251962,-0.9247967083253934,1.4024544748564771
1,NYSE_recent,2023,think_huber,-0.5086526630417798,1.4257163650861782,-1.4715721457208288,1.1292052390029488
1,NYSE_recent,2023,think_mix,0.7487145415261717,0.7258841453668324,-0.0848997432144719,1.241173588711875
1,NYSE_recent,2023,think_mix_huber,0.8096901640116071,0.620943976807055,0.0980271242418341,1.241173588711875
1,NYSE_recent,2024,momentum126,0.5761698257860021,,0.5761698257860021,0.5761698257860021
1,NYSE_recent,2024,multiscale_huber,-0.5526234892231361,0.45465019203406903,-0.9390277986503024,-0.0516461253735638
1,NYSE_recent,2024,multiscale_mse,-0.6954292160695471,0.2663180094805798,-0.9405483422648532,-0.4120506781783847
1,NYSE_recent,2024,reversal5,-0.8573832681039009,,-0.8573832681039009,-0.8573832681039009
1,NYSE_recent,2024,ridge,-0.4602978811696349,,-0.4602978811696349,-0.4602978811696349
1,NYSE_recent,2024,stockmixer,-0.33218160031960625,0.37340228936850967,-0.5853944755570821,0.0966527307274552
1,NYSE_recent,2024,stockmixer_huber,-0.5005447052637131,0.6024985033944485,-1.1758965590573849,-0.0181989757968917
1,NYSE_recent,2024,think,-0.5852601699482474,0.22433098538117577,-0.7936966459085251,-0.347850086800941
1,NYSE_recent,2024,think_huber,-0.1528826618603827,0.5231665516612338,-0.5354938953290805,0.4432806135575801
1,NYSE_recent,2024,think_mix,0.6152514780171371,0.4542538558953581,0.0971265523842573,0.9450704717988726
1,NYSE_recent,2024,think_mix_huber,0.36513046533919785,0.31855654305734227,0.0605024054514706,0.6959930320214616
1,NYSE_recent,2025,momentum126,0.6386030130183712,,0.6386030130183712,0.6386030130183712
1,NYSE_recent,2025,multiscale_huber,0.07497387785028563,0.2607964472588562,-0.2234059302238555,0.2594044473616402
1,NYSE_recent,2025,multiscale_mse,0.2749168225028981,0.15179094758897346,0.1053795490393613,0.3981994365659022
1,NYSE_recent,2025,reversal5,-0.0973794206186768,,-0.0973794206186768,-0.0973794206186768
1,NYSE_recent,2025,ridge,-0.5592255199450324,,-0.5592255199450324,-0.5592255199450324
1,NYSE_recent,2025,stockmixer,0.01258812858408224,0.3072011645779811,-0.3415738691913805,0.2069756296267165
1,NYSE_recent,2025,stockmixer_huber,-0.12830498974009305,0.31149801640750396,-0.4440952018447345,0.1787156361939327
1,NYSE_recent,2025,think,0.3539376819050039,0.43614528580412565,-0.1489211102741415,0.6292937717749703
1,NYSE_recent,2025,think_huber,-0.045247214136803104,0.6040703981770368,-0.7095604617722212,0.4710750354524559
1,NYSE_recent,2025,think_mix,-0.2795127888363685,0.1830192588708012,-0.4709312307779248,-0.1062453047267241
1,NYSE_recent,2025,think_mix_huber,-0.21530553092738428,0.12036673886177296,-0.3185440757644803,-0.0830977731703127
